symbol,open_time,open,high,low,close,volume,close_time,quote_asset_volume,num_trades,taker_buy_base,taker_buy_quote,ignore
TRXUSDT,2025-05-10T05:00:00.000Z,0.26350000,0.26400000,0.26220000,0.26280000,21675599.00000000,2025-05-10T05:59:59.999Z,5698731.65279000,5543,9436719.80000000,2482070.28354000,0
TRXUSDT,2025-05-10T06:00:00.000Z,0.26280000,0.26380000,0.26210000,0.26290000,27207487.50000000,2025-05-10T06:59:59.999Z,7158660.28912000,6405,14020771.30000000,3690139.98637000,0
TRXUSDT,2025-05-10T07:00:00.000Z,0.26290000,0.26330000,0.26180000,0.26320000,19074122.10000000,2025-05-10T07:59:59.999Z,5008447.45557000,5551,10935324.60000000,2872405.81487000,0
TRXUSDT,2025-05-10T08:00:00.000Z,0.26330000,0.26460000,0.26290000,0.26410000,26617104.80000000,2025-05-10T08:59:59.999Z,7016648.38590000,8989,15865995.90000000,4182903.67639000,0
TRXUSDT,2025-05-10T09:00:00.000Z,0.26410000,0.26500000,0.26320000,0.26410000,22975891.00000000,2025-05-10T09:59:59.999Z,6068466.94439000,7697,12858973.10000000,3397541.95298000,0
TRXUSDT,2025-05-10T10:00:00.000Z,0.26420000,0.26470000,0.26250000,0.26260000,25872973.70000000,2025-05-10T10:59:59.999Z,6821100.26145000,8063,8466276.90000000,2234024.40960000,0
TRXUSDT,2025-05-10T11:00:00.000Z,0.26250000,0.26260000,0.25890000,0.25970000,60968509.60000000,2025-05-10T11:59:59.999Z,15895096.97422000,21324,19110194.50000000,4981580.31531000,0
TRXUSDT,2025-05-10T12:00:00.000Z,0.25970000,0.26070000,0.25960000,0.25970000,18384871.20000000,2025-05-10T12:59:59.999Z,4782697.99451000,6197,10913877.20000000,2839396.07461000,0
TRXUSDT,2025-05-10T13:00:00.000Z,0.25970000,0.26050000,0.25940000,0.26020000,17253542.40000000,2025-05-10T13:59:59.999Z,4483976.64140000,6028,9605746.90000000,2497428.47622000,0
TRXUSDT,2025-05-10T14:00:00.000Z,0.26030000,0.26070000,0.25960000,0.26000000,12034642.10000000,2025-05-10T14:59:59.999Z,3128894.80011000,5586,5506676.10000000,1432230.99541000,0
TRXUSDT,2025-05-10T15:00:00.000Z,0.25990000,0.26000000,0.25860000,0.25930000,17342403.10000000,2025-05-10T15:59:59.999Z,4496137.62081000,6777,5436305.20000000,1409437.41692000,0
TRXUSDT,2025-05-10T16:00:00.000Z,0.25930000,0.26130000,0.25890000,0.26130000,21837973.50000000,2025-05-10T16:59:59.999Z,5682878.05429000,7461,15147985.20000000,3942961.46375000,0
TRXUSDT,2025-05-10T17:00:00.000Z,0.26130000,0.26190000,0.26030000,0.26070000,26119143.40000000,2025-05-10T17:59:59.999Z,6818188.69148000,7896,11933226.30000000,3116247.94946000,0
TRXUSDT,2025-05-10T18:00:00.000Z,0.26070000,0.26120000,0.26030000,0.26100000,8874246.10000000,2025-05-10T18:59:59.999Z,2313686.05874000,4794,4966188.60000000,1295122.41719000,0
TRXUSDT,2025-05-10T19:00:00.000Z,0.26110000,0.26140000,0.26080000,0.26110000,5141162.20000000,2025-05-10T19:59:59.999Z,1342458.00033000,3252,1727062.90000000,451014.29638000,0
TRXUSDT,2025-05-10T20:00:00.000Z,0.26110000,0.26140000,0.26040000,0.26110000,13021271.60000000,2025-05-10T20:59:59.999Z,3396680.18551000,3873,7789540.90000000,2032289.35948000,0
TRXUSDT,2025-05-10T21:00:00.000Z,0.26110000,0.26170000,0.26070000,0.26170000,13291248.70000000,2025-05-10T21:59:59.999Z,3470086.01660000,3643,6940400.00000000,1813002.66803000,0
TRXUSDT,2025-05-10T22:00:00.000Z,0.26170000,0.26440000,0.26150000,0.26390000,30588173.60000000,2025-05-10T22:59:59.999Z,8043246.59302000,8674,22227687.30000000,5845200.04933000,0
TRXUSDT,2025-05-10T23:00:00.000Z,0.26390000,0.26670000,0.26380000,0.26620000,56705103.60000000,2025-05-10T23:59:59.999Z,15037891.27011000,15094,33886420.00000000,8988319.43402000,0
TRXUSDT,2025-05-11T00:00:00.000Z,0.26620000,0.26710000,0.26330000,0.26450000,68801809.00000000,2025-05-11T00:59:59.999Z,18233737.89977000,18489,27841704.40000000,7381043.24797000,0
TRXUSDT,2025-05-11T01:00:00.000Z,0.26460000,0.26530000,0.26260000,0.26310000,28474304.00000000,2025-05-11T01:59:59.999Z,7517691.17009000,9027,9111252.20000000,2409095.33561000,0
TRXUSDT,2025-05-11T02:00:00.000Z,0.26310000,0.26510000,0.26260000,0.26390000,27092617.50000000,2025-05-11T02:59:59.999Z,7148046.46136000,7071,16093676.90000000,4246746.64363000,0
TRXUSDT,2025-05-11T03:00:00.000Z,0.26390000,0.26840000,0.26360000,0.26790000,41477695.30000000,2025-05-11T03:59:59.999Z,11046756.52863000,10997,32908875.80000000,8764251.19795000,0
TRXUSDT,2025-05-11T04:00:00.000Z,0.26790000,0.26870000,0.26680000,0.26750000,27012685.60000000,2025-05-11T04:59:59.999Z,7232797.44887000,7834,11876236.90000000,3181592.56681000,0
TRXUSDT,2025-05-11T05:00:00.000Z,0.26760000,0.26760000,0.26580000,0.26590000,20133066.60000000,2025-05-11T05:59:59.999Z,5370396.82499000,5895,5977945.90000000,1595520.98559000,0
TRXUSDT,2025-05-11T06:00:00.000Z,0.26600000,0.26610000,0.26280000,0.26360000,48001372.70000000,2025-05-11T06:59:59.999Z,12696391.30505000,11933,15189581.50000000,4017930.06705000,0
TRXUSDT,2025-05-11T07:00:00.000Z,0.26370000,0.26380000,0.26040000,0.26050000,62110309.20000000,2025-05-11T07:59:59.999Z,16270438.41033000,16795,19711965.30000000,5166638.57622000,0
TRXUSDT,2025-05-11T08:00:00.000Z,0.26060000,0.26250000,0.26040000,0.26060000,33944283.30000000,2025-05-11T08:59:59.999Z,8864815.26358000,9108,15907091.20000000,4156092.86367000,0
TRXUSDT,2025-05-11T09:00:00.000Z,0.26060000,0.26280000,0.26050000,0.26240000,15872666.80000000,2025-05-11T09:59:59.999Z,4154965.60011000,6254,11678302.60000000,3056587.05302000,0
TRXUSDT,2025-05-11T10:00:00.000Z,0.26230000,0.26310000,0.26170000,0.26250000,16840350.50000000,2025-05-11T10:59:59.999Z,4420103.99657000,5973,10311327.00000000,2707421.01555000,0
TRXUSDT,2025-05-11T11:00:00.000Z,0.26250000,0.26320000,0.26220000,0.26280000,17221390.30000000,2025-05-11T11:59:59.999Z,4524061.85842000,5675,7926055.00000000,2082921.69980000,0
TRXUSDT,2025-05-11T12:00:00.000Z,0.26280000,0.26280000,0.26170000,0.26240000,14756853.30000000,2025-05-11T12:59:59.999Z,3868618.88671000,5626,5405113.40000000,1417036.46566000,0
TRXUSDT,2025-05-11T13:00:00.000Z,0.26230000,0.26260000,0.25980000,0.25990000,29566215.60000000,2025-05-11T13:59:59.999Z,7717139.22787000,10525,7548068.30000000,1971219.21760000,0
TRXUSDT,2025-05-11T14:00:00.000Z,0.25990000,0.26150000,0.25980000,0.26100000,14571610.00000000,2025-05-11T14:59:59.999Z,3797979.37310000,6309,10215138.50000000,2662649.09115000,0
TRXUSDT,2025-05-11T15:00:00.000Z,0.26100000,0.26190000,0.26020000,0.26080000,20269519.00000000,2025-05-11T15:59:59.999Z,5290595.90569000,7516,9654274.10000000,2521583.16261000,0
TRXUSDT,2025-05-11T16:00:00.000Z,0.26080000,0.26170000,0.25960000,0.26100000,25316591.60000000,2025-05-11T16:59:59.999Z,6598661.97130000,9379,13275165.90000000,3461987.99334000,0
TRXUSDT,2025-05-11T17:00:00.000Z,0.26110000,0.26260000,0.26100000,0.26240000,22954282.10000000,2025-05-11T17:59:59.999Z,6007930.67904000,6043,15359719.50000000,4021139.78946000,0
TRXUSDT,2025-05-11T18:00:00.000Z,0.26240000,0.26320000,0.26180000,0.26270000,16267184.50000000,2025-05-11T18:59:59.999Z,4269276.32978000,5026,9342452.30000000,2452903.64826000,0
TRXUSDT,2025-05-11T19:00:00.000Z,0.26280000,0.26460000,0.26270000,0.26430000,23217587.50000000,2025-05-11T19:59:59.999Z,6127045.69092000,6603,15834785.00000000,4178283.49695000,0
TRXUSDT,2025-05-11T20:00:00.000Z,0.26440000,0.26540000,0.26380000,0.26400000,18407286.40000000,2025-05-11T20:59:59.999Z,4869038.24399000,5773,9513665.10000000,2517707.73769000,0
TRXUSDT,2025-05-11T21:00:00.000Z,0.26410000,0.26550000,0.26400000,0.26550000,14207291.70000000,2025-05-11T21:59:59.999Z,3760212.09992000,4032,9934659.20000000,2629860.26209000,0
TRXUSDT,2025-05-11T22:00:00.000Z,0.26550000,0.26560000,0.26450000,0.26510000,14013788.00000000,2025-05-11T22:59:59.999Z,3714646.47491000,4886,6250927.50000000,1657642.88135000,0
TRXUSDT,2025-05-11T23:00:00.000Z,0.26500000,0.26590000,0.26470000,0.26510000,14422972.80000000,2025-05-11T23:59:59.999Z,3825170.26555000,4469,8439609.60000000,2238588.69101000,0
TRXUSDT,2025-05-12T00:00:00.000Z,0.26510000,0.26760000,0.26490000,0.26750000,26439907.00000000,2025-05-12T00:59:59.999Z,7035883.57635000,8326,17928818.80000000,4773403.13690000,0
TRXUSDT,2025-05-12T01:00:00.000Z,0.26760000,0.26820000,0.26430000,0.26540000,42182703.20000000,2025-05-12T01:59:59.999Z,11221913.43047000,11213,13214562.80000000,3517482.99878000,0
TRXUSDT,2025-05-12T02:00:00.000Z,0.26540000,0.26810000,0.26530000,0.26670000,43599544.00000000,2025-05-12T02:59:59.999Z,11634036.10469000,11287,27449111.40000000,7324584.65251000,0
TRXUSDT,2025-05-12T03:00:00.000Z,0.26660000,0.26810000,0.26600000,0.26740000,32490112.80000000,2025-05-12T03:59:59.999Z,8676665.25380000,8811,20760593.20000000,5545126.28871000,0
TRXUSDT,2025-05-12T04:00:00.000Z,0.26740000,0.26750000,0.26540000,0.26590000,16640977.30000000,2025-05-12T04:59:59.999Z,4432936.58766000,5794,6756622.80000000,1799538.73112000,0
TRXUSDT,2025-05-12T05:00:00.000Z,0.26600000,0.26620000,0.26340000,0.26380000,29306338.20000000,2025-05-12T05:59:59.999Z,7748870.21181000,7336,7991733.50000000,2112257.93625000,0
TRXUSDT,2025-05-12T06:00:00.000Z,0.26380000,0.26520000,0.26310000,0.26500000,26876714.60000000,2025-05-12T06:59:59.999Z,7098349.06618000,6829,19718548.30000000,5208032.32927000,0
TRXUSDT,2025-05-12T07:00:00.000Z,0.26500000,0.26920000,0.26500000,0.26670000,94176469.20000000,2025-05-12T07:59:59.999Z,25163202.47812000,23059,49543470.60000000,13239351.28135000,0
TRXUSDT,2025-05-12T08:00:00.000Z,0.26680000,0.26810000,0.26490000,0.26750000,66548673.90000000,2025-05-12T08:59:59.999Z,17727619.53218000,13036,37695517.10000000,10050065.24824000,0
TRXUSDT,2025-05-12T09:00:00.000Z,0.26750000,0.27110000,0.26750000,0.26920000,51858557.90000000,2025-05-12T09:59:59.999Z,13962183.61190000,13679,32653109.30000000,8792786.56903000,0
TRXUSDT,2025-05-12T10:00:00.000Z,0.26930000,0.27130000,0.26870000,0.27070000,51534000.60000000,2025-05-12T10:59:59.999Z,13918590.95383000,13850,29764514.40000000,8040859.77164000,0
TRXUSDT,2025-05-12T11:00:00.000Z,0.27080000,0.27240000,0.26930000,0.26990000,60610610.50000000,2025-05-12T11:59:59.999Z,16432753.67759000,16556,25258018.10000000,6854641.09124000,0
TRXUSDT,2025-05-12T12:00:00.000Z,0.26980000,0.27570000,0.26960000,0.27530000,92313192.40000000,2025-05-12T12:59:59.999Z,25186756.77357000,25266,63094738.60000000,17220012.26408000,0
TRXUSDT,2025-05-12T13:00:00.000Z,0.27530000,0.27940000,0.27490000,0.27850000,150791168.80000000,2025-05-12T13:59:59.999Z,41790172.17658000,43054,83197916.10000000,23064165.27973000,0
TRXUSDT,2025-05-12T14:00:00.000Z,0.27840000,0.28010000,0.27310000,0.27490000,199784507.50000000,2025-05-12T14:59:59.999Z,55147481.22809000,46033,89122335.60000000,24609749.47759000,0
TRXUSDT,2025-05-12T15:00:00.000Z,0.27500000,0.27710000,0.27310000,0.27510000,126525191.80000000,2025-05-12T15:59:59.999Z,34776040.58229000,30367,62634498.50000000,17227242.46171000,0
TRXUSDT,2025-05-12T16:00:00.000Z,0.27510000,0.27550000,0.27340000,0.27450000,43129353.70000000,2025-05-12T16:59:59.999Z,11839303.70711000,14075,18547741.50000000,5093478.68610000,0
TRXUSDT,2025-05-12T17:00:00.000Z,0.27450000,0.27680000,0.27430000,0.27500000,44287704.90000000,2025-05-12T17:59:59.999Z,12191511.27751000,13042,22524794.80000000,6203914.42121000,0
TRXUSDT,2025-05-12T18:00:00.000Z,0.27500000,0.27610000,0.26910000,0.27050000,110915604.00000000,2025-05-12T18:59:59.999Z,30194490.21388000,29515,43037533.90000000,11716775.25987000,0
TRXUSDT,2025-05-12T19:00:00.000Z,0.27050000,0.27290000,0.27010000,0.27290000,37412503.70000000,2025-05-12T19:59:59.999Z,10164493.78495000,12328,22639230.80000000,6152587.35715000,0
TRXUSDT,2025-05-12T20:00:00.000Z,0.27280000,0.27510000,0.27230000,0.27450000,39659127.80000000,2025-05-12T20:59:59.999Z,10860220.20373000,10259,25550725.40000000,6998424.36712000,0
TRXUSDT,2025-05-12T21:00:00.000Z,0.27450000,0.27480000,0.27300000,0.27350000,17385646.00000000,2025-05-12T21:59:59.999Z,4759762.89024000,6083,4666216.80000000,1277603.42416000,0
TRXUSDT,2025-05-12T22:00:00.000Z,0.27340000,0.27360000,0.27080000,0.27080000,19304588.80000000,2025-05-12T22:59:59.999Z,5255070.91446000,6672,4349748.10000000,1184697.39514000,0
TRXUSDT,2025-05-12T23:00:00.000Z,0.27080000,0.27240000,0.27050000,0.27170000,23167588.70000000,2025-05-12T23:59:59.999Z,6294436.47181000,5768,12997634.80000000,3531315.55104000,0
TRXUSDT,2025-05-13T00:00:00.000Z,0.27170000,0.27190000,0.26870000,0.26870000,25960257.50000000,2025-05-13T00:59:59.999Z,7017210.40838000,8343,6015898.50000000,1627234.34157000,0
TRXUSDT,2025-05-13T01:00:00.000Z,0.26870000,0.26920000,0.26560000,0.26620000,51124791.40000000,2025-05-13T01:59:59.999Z,13652365.02252000,16242,18088072.30000000,4827591.70369000,0
TRXUSDT,2025-05-13T02:00:00.000Z,0.26620000,0.26680000,0.26210000,0.26340000,83267807.90000000,2025-05-13T02:59:59.999Z,21977993.19267000,26864,31781085.50000000,8394284.47456000,0
TRXUSDT,2025-05-13T03:00:00.000Z,0.26340000,0.26390000,0.26150000,0.26190000,30263026.60000000,2025-05-13T03:59:59.999Z,7949519.66801000,11401,10313805.40000000,2710883.22329000,0
TRXUSDT,2025-05-13T04:00:00.000Z,0.26190000,0.26380000,0.26170000,0.26310000,32254980.10000000,2025-05-13T04:59:59.999Z,8476952.84099000,10389,19756274.70000000,5193076.70983000,0
TRXUSDT,2025-05-13T05:00:00.000Z,0.26300000,0.26330000,0.26090000,0.26130000,19377084.80000000,2025-05-13T05:59:59.999Z,5078077.46396000,7740,7895052.60000000,2069269.77997000,0
TRXUSDT,2025-05-13T06:00:00.000Z,0.26120000,0.26220000,0.26080000,0.26200000,19449589.90000000,2025-05-13T06:59:59.999Z,5082757.67564000,7498,11338240.10000000,2964004.97203000,0
TRXUSDT,2025-05-13T07:00:00.000Z,0.26210000,0.26370000,0.26190000,0.26200000,21030170.00000000,2025-05-13T07:59:59.999Z,5528382.39661000,6973,10681107.50000000,2808621.62715000,0
TRXUSDT,2025-05-13T08:00:00.000Z,0.26190000,0.26430000,0.26180000,0.26420000,33282105.40000000,2025-05-13T08:59:59.999Z,8751282.72032000,8022,19928425.40000000,5241284.34017000,0
TRXUSDT,2025-05-13T09:00:00.000Z,0.26410000,0.26500000,0.26360000,0.26500000,23145387.30000000,2025-05-13T09:59:59.999Z,6113849.48990000,7780,12543932.80000000,3314851.65321000,0
TRXUSDT,2025-05-13T10:00:00.000Z,0.26490000,0.26590000,0.26380000,0.26570000,24149100.50000000,2025-05-13T10:59:59.999Z,6392559.67677000,7916,13371221.90000000,3541909.08371000,0
TRXUSDT,2025-05-13T11:00:00.000Z,0.26560000,0.26640000,0.26500000,0.26530000,19584999.80000000,2025-05-13T11:59:59.999Z,5203817.70468000,7626,8476546.00000000,2253239.50123000,0
TRXUSDT,2025-05-13T12:00:00.000Z,0.26530000,0.26600000,0.26390000,0.26560000,48108336.30000000,2025-05-13T12:59:59.999Z,12744654.77726000,13046,24966803.00000000,6617803.81223000,0
TRXUSDT,2025-05-13T13:00:00.000Z,0.26560000,0.26710000,0.26490000,0.26690000,31526141.80000000,2025-05-13T13:59:59.999Z,8386594.55291000,9127,18832993.20000000,5011969.44079000,0
TRXUSDT,2025-05-13T14:00:00.000Z,0.26690000,0.26770000,0.26510000,0.26720000,46205294.40000000,2025-05-13T14:59:59.999Z,12311070.27603000,12111,23015681.30000000,6134420.84934000,0
TRXUSDT,2025-05-13T15:00:00.000Z,0.26730000,0.26830000,0.26710000,0.26820000,24917001.30000000,2025-05-13T15:59:59.999Z,6672245.49362000,8158,16106169.50000000,4313017.19285000,0
TRXUSDT,2025-05-13T16:00:00.000Z,0.26820000,0.26980000,0.26810000,0.26960000,22106889.40000000,2025-05-13T16:59:59.999Z,5949037.85915000,9066,13786995.10000000,3709692.37360000,0
TRXUSDT,2025-05-13T17:00:00.000Z,0.26970000,0.27060000,0.26940000,0.27050000,12806191.90000000,2025-05-13T17:59:59.999Z,3456976.76361000,6133,7933515.60000000,2142284.45877000,0
TRXUSDT,2025-05-13T18:00:00.000Z,0.27040000,0.27130000,0.27010000,0.27100000,10948076.10000000,2025-05-13T18:59:59.999Z,2964910.63654000,5499,7549212.50000000,2044630.97560000,0
TRXUSDT,2025-05-13T19:00:00.000Z,0.27090000,0.27310000,0.27060000,0.27190000,32772544.50000000,2025-05-13T19:59:59.999Z,8909034.46838000,10320,19201694.40000000,5221093.47102000,0
TRXUSDT,2025-05-13T20:00:00.000Z,0.27200000,0.27210000,0.27090000,0.27130000,18791380.90000000,2025-05-13T20:59:59.999Z,5102135.73105000,6879,7533719.60000000,2045738.99958000,0
TRXUSDT,2025-05-13T21:00:00.000Z,0.27130000,0.27180000,0.27050000,0.27080000,9750793.20000000,2025-05-13T21:59:59.999Z,2644596.67029000,4175,4709576.00000000,1277733.72844000,0
TRXUSDT,2025-05-13T22:00:00.000Z,0.27090000,0.27150000,0.27030000,0.27130000,11273201.20000000,2025-05-13T22:59:59.999Z,3053648.37620000,4260,6050824.30000000,1639420.97488000,0
TRXUSDT,2025-05-13T23:00:00.000Z,0.27130000,0.27160000,0.27080000,0.27090000,10933101.40000000,2025-05-13T23:59:59.999Z,2963729.03453000,3623,4302347.70000000,1166690.05048000,0
TRXUSDT,2025-05-14T00:00:00.000Z,0.27090000,0.27110000,0.26910000,0.27020000,22709671.60000000,2025-05-14T00:59:59.999Z,6131915.68659000,6050,8700418.30000000,2349437.34649000,0
TRXUSDT,2025-05-14T01:00:00.000Z,0.27020000,0.27310000,0.27000000,0.27220000,39037118.00000000,2025-05-14T01:59:59.999Z,10615401.15992000,10274,24323705.90000000,6613867.80543000,0
TRXUSDT,2025-05-14T02:00:00.000Z,0.27210000,0.27220000,0.27050000,0.27170000,27175554.50000000,2025-05-14T02:59:59.999Z,7371955.73919000,7278,11398720.30000000,3093069.84117000,0
TRXUSDT,2025-05-14T03:00:00.000Z,0.27170000,0.27250000,0.27110000,0.27250000,18614036.10000000,2025-05-14T03:59:59.999Z,5059214.46720000,6012,11426872.80000000,3106548.76910000,0
TRXUSDT,2025-05-14T04:00:00.000Z,0.27250000,0.27320000,0.27170000,0.27320000,18091510.20000000,2025-05-14T04:59:59.999Z,4929394.20791000,5672,11508774.20000000,3136518.33758000,0
TRXUSDT,2025-05-14T05:00:00.000Z,0.27320000,0.27510000,0.27270000,0.27490000,19650739.20000000,2025-05-14T05:59:59.999Z,5381288.74033000,6421,14288125.70000000,3913834.32158000,0
TRXUSDT,2025-05-14T06:00:00.000Z,0.27490000,0.27580000,0.27420000,0.27560000,17648230.60000000,2025-05-14T06:59:59.999Z,4850859.86922000,6638,9894755.40000000,2720825.25079000,0
TRXUSDT,2025-05-14T07:00:00.000Z,0.27560000,0.27660000,0.27460000,0.27560000,32181640.30000000,2025-05-14T07:59:59.999Z,8865739.48671000,9346,17805942.80000000,4908026.63422000,0
TRXUSDT,2025-05-14T08:00:00.000Z,0.27560000,0.27580000,0.27200000,0.27200000,50368200.20000000,2025-05-14T08:59:59.999Z,13786930.81654000,13096,14825554.00000000,4059404.70729000,0
TRXUSDT,2025-05-14T09:00:00.000Z,0.27200000,0.27380000,0.27140000,0.27380000,36487917.00000000,2025-05-14T09:59:59.999Z,9937528.50907000,10638,20629429.00000000,5622880.83483000,0
TRXUSDT,2025-05-14T10:00:00.000Z,0.27380000,0.27500000,0.27350000,0.27360000,24567374.40000000,2025-05-14T10:59:59.999Z,6738607.87643000,8504,13038083.80000000,3577310.05402000,0
TRXUSDT,2025-05-14T11:00:00.000Z,0.27370000,0.27550000,0.27370000,0.27490000,14701210.90000000,2025-05-14T11:59:59.999Z,4040388.92546000,5779,9891451.50000000,2718072.21816000,0
TRXUSDT,2025-05-14T12:00:00.000Z,0.27490000,0.27550000,0.27460000,0.27490000,19552599.80000000,2025-05-14T12:59:59.999Z,5379098.15322000,6392,11576320.50000000,3184967.33439000,0
TRXUSDT,2025-05-14T13:00:00.000Z,0.27490000,0.27730000,0.27450000,0.27550000,61425694.40000000,2025-05-14T13:59:59.999Z,16942605.81281000,15283,32724584.60000000,9028670.30428000,0
TRXUSDT,2025-05-14T14:00:00.000Z,0.27550000,0.27570000,0.27350000,0.27530000,42415567.40000000,2025-05-14T14:59:59.999Z,11647429.57828000,12080,19471398.40000000,5348675.61666000,0
TRXUSDT,2025-05-14T15:00:00.000Z,0.27540000,0.27790000,0.27460000,0.27740000,36190144.60000000,2025-05-14T15:59:59.999Z,9990127.50219000,11235,22395864.20000000,6185917.83174000,0
TRXUSDT,2025-05-14T16:00:00.000Z,0.27740000,0.27740000,0.27450000,0.27610000,51407980.90000000,2025-05-14T16:59:59.999Z,14187625.16690000,15965,20703056.30000000,5713719.67032000,0
TRXUSDT,2025-05-14T17:00:00.000Z,0.27620000,0.27660000,0.27470000,0.27630000,21936517.20000000,2025-05-14T17:59:59.999Z,6047370.49762000,7604,10684498.20000000,2946462.15192000,0
TRXUSDT,2025-05-14T18:00:00.000Z,0.27630000,0.27800000,0.27580000,0.27800000,20162781.70000000,2025-05-14T18:59:59.999Z,5584740.51445000,7623,14085968.60000000,3901026.54526000,0
TRXUSDT,2025-05-14T19:00:00.000Z,0.27800000,0.27910000,0.27590000,0.27640000,29128819.10000000,2025-05-14T19:59:59.999Z,8078453.76327000,8828,11108273.70000000,3084057.55762000,0
TRXUSDT,2025-05-14T20:00:00.000Z,0.27630000,0.27720000,0.27610000,0.27680000,8499553.80000000,2025-05-14T20:59:59.999Z,2351807.96507000,4078,5109693.40000000,1414304.97180000,0
TRXUSDT,2025-05-14T21:00:00.000Z,0.27680000,0.27720000,0.27570000,0.27660000,11399776.90000000,2025-05-14T21:59:59.999Z,3149925.25226000,4562,4742245.10000000,1310351.19389000,0
TRXUSDT,2025-05-14T22:00:00.000Z,0.27650000,0.27750000,0.27630000,0.27690000,9574613.10000000,2025-05-14T22:59:59.999Z,2651128.87504000,4093,5393367.20000000,1493540.30533000,0
TRXUSDT,2025-05-14T23:00:00.000Z,0.27690000,0.27690000,0.27430000,0.27460000,24510162.50000000,2025-05-14T23:59:59.999Z,6743215.64227000,6724,7096303.80000000,1950915.92471000,0
TRXUSDT,2025-05-15T00:00:00.000Z,0.27470000,0.27560000,0.27430000,0.27520000,18196697.70000000,2025-05-15T00:59:59.999Z,5001706.51615000,5460,8797303.40000000,2418987.66723000,0
TRXUSDT,2025-05-15T01:00:00.000Z,0.27510000,0.27510000,0.27140000,0.27160000,36050539.70000000,2025-05-15T01:59:59.999Z,9841068.53245000,9825,7802478.20000000,2128373.32956000,0
TRXUSDT,2025-05-15T02:00:00.000Z,0.27170000,0.27470000,0.27150000,0.27390000,23513044.90000000,2025-05-15T02:59:59.999Z,6424912.24603000,5990,18859968.30000000,5153368.63165000,0
TRXUSDT,2025-05-15T03:00:00.000Z,0.27380000,0.27410000,0.27290000,0.27310000,14311989.80000000,2025-05-15T03:59:59.999Z,3913365.55757000,4297,4667762.30000000,1276738.25336000,0
TRXUSDT,2025-05-15T04:00:00.000Z,0.27310000,0.27350000,0.27230000,0.27310000,11029658.60000000,2025-05-15T04:59:59.999Z,3010737.68477000,4143,6632488.40000000,1810820.58064000,0
TRXUSDT,2025-05-15T05:00:00.000Z,0.27310000,0.27380000,0.27230000,0.27310000,24997809.10000000,2025-05-15T05:59:59.999Z,6825559.04684000,5485,15020705.40000000,4102546.39817000,0
TRXUSDT,2025-05-15T06:00:00.000Z,0.27310000,0.27360000,0.26990000,0.27000000,29373644.00000000,2025-05-15T06:59:59.999Z,7991728.51067000,8016,11543363.60000000,3146523.39298000,0
TRXUSDT,2025-05-15T07:00:00.000Z,0.27000000,0.27060000,0.26890000,0.26930000,38545894.20000000,2025-05-15T07:59:59.999Z,10398841.84515000,13572,20615657.60000000,5563505.67725000,0
TRXUSDT,2025-05-15T08:00:00.000Z,0.26930000,0.27100000,0.26930000,0.27070000,14397131.50000000,2025-05-15T08:59:59.999Z,3890983.07947000,7349,10614870.50000000,2868788.51921000,0
TRXUSDT,2025-05-15T09:00:00.000Z,0.27080000,0.27080000,0.26770000,0.26880000,28890675.00000000,2025-05-15T09:59:59.999Z,7773184.77661000,8398,8089159.70000000,2175388.17499000,0
TRXUSDT,2025-05-15T10:00:00.000Z,0.26880000,0.26890000,0.26730000,0.26800000,26720020.90000000,2025-05-15T10:59:59.999Z,7160521.15693000,7738,10130910.60000000,2715725.53509000,0
TRXUSDT,2025-05-15T11:00:00.000Z,0.26800000,0.27020000,0.26770000,0.26940000,20276865.80000000,2025-05-15T11:59:59.999Z,5454654.88830000,7079,13220221.30000000,3556965.41749000,0
TRXUSDT,2025-05-15T12:00:00.000Z,0.26930000,0.27040000,0.26900000,0.26960000,47021009.30000000,2025-05-15T12:59:59.999Z,12675535.83799000,11151,24219662.30000000,6531589.19715000,0
TRXUSDT,2025-05-15T13:00:00.000Z,0.26960000,0.27130000,0.26920000,0.27080000,55876862.30000000,2025-05-15T13:59:59.999Z,15099173.96928000,13930,31408049.40000000,8488847.51532000,0
TRXUSDT,2025-05-15T14:00:00.000Z,0.27070000,0.27190000,0.26910000,0.27020000,51191190.70000000,2025-05-15T14:59:59.999Z,13838638.09473000,14484,23728308.10000000,6419006.26436000,0
TRXUSDT,2025-05-15T15:00:00.000Z,0.27020000,0.27420000,0.27010000,0.27360000,44353524.90000000,2025-05-15T15:59:59.999Z,12088971.64413000,13944,34501737.00000000,9401506.15080000,0
TRXUSDT,2025-05-15T16:00:00.000Z,0.27360000,0.27620000,0.27280000,0.27620000,37650938.20000000,2025-05-15T16:59:59.999Z,10329033.06310000,11980,25667069.50000000,7044347.93155000,0
TRXUSDT,2025-05-15T17:00:00.000Z,0.27620000,0.27640000,0.27520000,0.27580000,15067185.20000000,2025-05-15T17:59:59.999Z,4155652.85176000,6824,7982715.90000000,2202219.16726000,0
TRXUSDT,2025-05-15T18:00:00.000Z,0.27570000,0.27640000,0.27290000,0.27320000,39364318.30000000,2025-05-15T18:59:59.999Z,10810721.62391000,10806,11558616.70000000,3179567.01572000,0
TRXUSDT,2025-05-15T19:00:00.000Z,0.27330000,0.27450000,0.27280000,0.27350000,25614682.30000000,2025-05-15T19:59:59.999Z,7005733.17404000,7517,11755175.00000000,3216825.33789000,0
TRXUSDT,2025-05-15T20:00:00.000Z,0.27350000,0.27440000,0.27330000,0.27370000,21422387.00000000,2025-05-15T20:59:59.999Z,5865437.44914000,6036,11225232.50000000,3074224.62365000,0
TRXUSDT,2025-05-15T21:00:00.000Z,0.27370000,0.27380000,0.27170000,0.27330000,19269931.40000000,2025-05-15T21:59:59.999Z,5253078.08255000,5622,7748144.90000000,2112915.65393000,0
TRXUSDT,2025-05-15T22:00:00.000Z,0.27330000,0.27500000,0.27300000,0.27310000,21918314.50000000,2025-05-15T22:59:59.999Z,6002576.31867000,5913,10755810.20000000,2947371.20740000,0
TRXUSDT,2025-05-15T23:00:00.000Z,0.27310000,0.27340000,0.27140000,0.27330000,29110497.50000000,2025-05-15T23:59:59.999Z,7929288.84815000,8865,12541898.50000000,3418292.74109000,0
TRXUSDT,2025-05-16T00:00:00.000Z,0.27320000,0.27430000,0.27230000,0.27340000,30503297.00000000,2025-05-16T00:59:59.999Z,8338636.38902000,6717,16946746.30000000,4633846.04064000,0
TRXUSDT,2025-05-16T01:00:00.000Z,0.27340000,0.27610000,0.27310000,0.27600000,35584783.80000000,2025-05-16T01:59:59.999Z,9756279.85481000,8774,23818171.60000000,6533681.56404000,0
TRXUSDT,2025-05-16T02:00:00.000Z,0.27600000,0.27650000,0.27400000,0.27490000,35133792.90000000,2025-05-16T02:59:59.999Z,9660685.36719000,8423,15201119.40000000,4181917.99260000,0
TRXUSDT,2025-05-16T03:00:00.000Z,0.27490000,0.27650000,0.27480000,0.27650000,21013021.60000000,2025-05-16T03:59:59.999Z,5789470.40564000,4908,14935438.80000000,4116046.68822000,0
TRXUSDT,2025-05-16T04:00:00.000Z,0.27650000,0.27730000,0.27550000,0.27600000,19563600.60000000,2025-05-16T04:59:59.999Z,5406817.83207000,6385,10231158.20000000,2828625.90477000,0
TRXUSDT,2025-05-16T05:00:00.000Z,0.27610000,0.27820000,0.27600000,0.27690000,31564926.90000000,2025-05-16T05:59:59.999Z,8751897.71848000,7679,16993907.50000000,4710669.91232000,0
TRXUSDT,2025-05-16T06:00:00.000Z,0.27680000,0.27710000,0.27590000,0.27660000,22066083.30000000,2025-05-16T06:59:59.999Z,6102733.02476000,5784,10801977.10000000,2988563.92542000,0
TRXUSDT,2025-05-16T07:00:00.000Z,0.27660000,0.27670000,0.27470000,0.27490000,24508325.40000000,2025-05-16T07:59:59.999Z,6750967.63523000,6758,8801384.10000000,2424068.53091000,0
TRXUSDT,2025-05-16T08:00:00.000Z,0.27500000,0.27540000,0.27210000,0.27270000,34433954.90000000,2025-05-16T08:59:59.999Z,9418808.83808000,9595,10429030.20000000,2853109.34193000,0
TRXUSDT,2025-05-16T09:00:00.000Z,0.27260000,0.27430000,0.27240000,0.27370000,15522696.80000000,2025-05-16T09:59:59.999Z,4245719.39985000,6200,10035046.10000000,2744893.03942000,0
TRXUSDT,2025-05-16T10:00:00.000Z,0.27370000,0.27400000,0.27300000,0.27330000,14670279.20000000,2025-05-16T10:59:59.999Z,4011765.96934000,5618,5248411.30000000,1436065.14090000,0
TRXUSDT,2025-05-16T11:00:00.000Z,0.27330000,0.27350000,0.27180000,0.27190000,15691672.40000000,2025-05-16T11:59:59.999Z,4278631.07438000,6143,3634836.70000000,991949.08891000,0
TRXUSDT,2025-05-16T12:00:00.000Z,0.27190000,0.27200000,0.27060000,0.27090000,17027112.90000000,2025-05-16T12:59:59.999Z,4617408.38535000,7779,5306165.30000000,1438841.48836000,0
TRXUSDT,2025-05-16T13:00:00.000Z,0.27100000,0.27260000,0.27070000,0.27260000,21855103.00000000,2025-05-16T13:59:59.999Z,5931721.68930000,6864,14170769.90000000,3848002.86757000,0
TRXUSDT,2025-05-16T14:00:00.000Z,0.27250000,0.27300000,0.27180000,0.27240000,20847843.40000000,2025-05-16T14:59:59.999Z,5678257.37285000,6777,10257678.40000000,2794479.52396000,0
TRXUSDT,2025-05-16T15:00:00.000Z,0.27230000,0.27280000,0.27190000,0.27250000,9554474.70000000,2025-05-16T15:59:59.999Z,2601907.43367000,5323,4756241.10000000,1295620.32328000,0
TRXUSDT,2025-05-16T16:00:00.000Z,0.27250000,0.27280000,0.27120000,0.27180000,16859089.70000000,2025-05-16T16:59:59.999Z,4584842.97757000,6045,7015888.20000000,1908742.06047000,0
TRXUSDT,2025-05-16T17:00:00.000Z,0.27190000,0.27280000,0.27170000,0.27210000,9734298.90000000,2025-05-16T17:59:59.999Z,2649620.03947000,4106,5193094.20000000,1414014.53044000,0
TRXUSDT,2025-05-16T18:00:00.000Z,0.27200000,0.27300000,0.27180000,0.27300000,7724466.00000000,2025-05-16T18:59:59.999Z,2104458.42641000,3892,5945670.20000000,1620145.10224000,0
TRXUSDT,2025-05-16T19:00:00.000Z,0.27290000,0.27360000,0.27270000,0.27330000,12522038.30000000,2025-05-16T19:59:59.999Z,3420917.12049000,4193,7511973.20000000,2052604.36041000,0
TRXUSDT,2025-05-16T20:00:00.000Z,0.27330000,0.27390000,0.27290000,0.27310000,10185649.60000000,2025-05-16T20:59:59.999Z,2784021.03881000,3863,4903919.60000000,1340648.59329000,0
TRXUSDT,2025-05-16T21:00:00.000Z,0.27320000,0.27370000,0.27280000,0.27330000,9108829.10000000,2025-05-16T21:59:59.999Z,2488995.68374000,3276,4474190.70000000,1222931.08310000,0
TRXUSDT,2025-05-16T22:00:00.000Z,0.27320000,0.27350000,0.27150000,0.27190000,18091041.10000000,2025-05-16T22:59:59.999Z,4930479.00394000,5437,5435638.30000000,1482206.81050000,0
TRXUSDT,2025-05-16T23:00:00.000Z,0.27200000,0.27260000,0.27150000,0.27170000,17235382.50000000,2025-05-16T23:59:59.999Z,4689320.15394000,4070,7785077.40000000,2118867.40323000,0
TRXUSDT,2025-05-17T00:00:00.000Z,0.27160000,0.27210000,0.26970000,0.27050000,26252429.30000000,2025-05-17T00:59:59.999Z,7108098.55743000,8883,7283137.70000000,1973356.42591000,0
TRXUSDT,2025-05-17T01:00:00.000Z,0.27040000,0.27090000,0.26830000,0.26870000,31976753.30000000,2025-05-17T01:59:59.999Z,8621847.77425000,9463,9891819.30000000,2669179.84291000,0
TRXUSDT,2025-05-17T02:00:00.000Z,0.26870000,0.27000000,0.26800000,0.26920000,18531619.60000000,2025-05-17T02:59:59.999Z,4984293.04444000,5599,10264302.20000000,2762098.61753000,0
TRXUSDT,2025-05-17T03:00:00.000Z,0.26910000,0.26960000,0.26810000,0.26940000,12173378.00000000,2025-05-17T03:59:59.999Z,3272180.28800000,4033,7728831.20000000,2078262.69606000,0
TRXUSDT,2025-05-17T04:00:00.000Z,0.26940000,0.26980000,0.26870000,0.26940000,10315635.00000000,2025-05-17T04:59:59.999Z,2778003.66462000,3634,6394300.00000000,1722397.60844000,0
TRXUSDT,2025-05-17T05:00:00.000Z,0.26950000,0.26960000,0.26860000,0.26870000,8197900.50000000,2025-05-17T05:59:59.999Z,2205620.95971000,3306,2251523.60000000,606078.19311000,0
TRXUSDT,2025-05-17T06:00:00.000Z,0.26860000,0.26930000,0.26860000,0.26910000,7555081.30000000,2025-05-17T06:59:59.999Z,2031545.88533000,3626,4160057.10000000,1118798.89190000,0
TRXUSDT,2025-05-17T07:00:00.000Z,0.26920000,0.27020000,0.26890000,0.26920000,12040015.40000000,2025-05-17T07:59:59.999Z,3244496.94036000,4080,6287841.30000000,1695020.61453000,0
TRXUSDT,2025-05-17T08:00:00.000Z,0.26920000,0.26970000,0.26760000,0.26790000,19993836.30000000,2025-05-17T08:59:59.999Z,5373246.82891000,6077,5957602.30000000,1603249.48698000,0
TRXUSDT,2025-05-17T09:00:00.000Z,0.26790000,0.26870000,0.26700000,0.26850000,24072323.00000000,2025-05-17T09:59:59.999Z,6444612.75690000,6833,12416905.70000000,3326613.08297000,0
TRXUSDT,2025-05-17T10:00:00.000Z,0.26850000,0.26870000,0.26790000,0.26850000,6896947.20000000,2025-05-17T10:59:59.999Z,1851072.66925000,3837,4141265.70000000,1111602.10872000,0
TRXUSDT,2025-05-17T11:00:00.000Z,0.26850000,0.27000000,0.26840000,0.26970000,18648446.80000000,2025-05-17T11:59:59.999Z,5023694.75714000,5348,13127144.10000000,3535842.71063000,0
TRXUSDT,2025-05-17T12:00:00.000Z,0.26970000,0.27000000,0.26910000,0.26930000,8507272.40000000,2025-05-17T12:59:59.999Z,2294005.76313000,4632,3939029.70000000,1062683.77767000,0
TRXUSDT,2025-05-17T13:00:00.000Z,0.26930000,0.27050000,0.26800000,0.26830000,23043934.80000000,2025-05-17T13:59:59.999Z,6205668.17815000,6283,9267894.10000000,2499174.84055000,0
TRXUSDT,2025-05-17T14:00:00.000Z,0.26820000,0.27120000,0.26810000,0.27110000,20683832.60000000,2025-05-17T14:59:59.999Z,5581792.60984000,7348,16682336.50000000,4502004.44438000,0
TRXUSDT,2025-05-17T15:00:00.000Z,0.27100000,0.27200000,0.27060000,0.27100000,14542532.20000000,2025-05-17T15:59:59.999Z,3946962.53054000,7633,9588865.20000000,2603086.99064000,0
TRXUSDT,2025-05-17T16:00:00.000Z,0.27110000,0.27190000,0.27030000,0.27120000,19483312.40000000,2025-05-17T16:59:59.999Z,5283035.52966000,6644,8695771.20000000,2358784.92835000,0
TRXUSDT,2025-05-17T17:00:00.000Z,0.27120000,0.27230000,0.27100000,0.27130000,14809260.00000000,2025-05-17T17:59:59.999Z,4024760.56890000,5711,9685804.60000000,2632528.33196000,0
TRXUSDT,2025-05-17T18:00:00.000Z,0.27140000,0.27210000,0.27050000,0.27080000,17965967.90000000,2025-05-17T18:59:59.999Z,4874468.62660000,5387,6372088.00000000,1730540.18317000,0
TRXUSDT,2025-05-17T19:00:00.000Z,0.27070000,0.27120000,0.27030000,0.27050000,7406757.60000000,2025-05-17T19:59:59.999Z,2004506.54700000,3559,3047828.10000000,825166.41218000,0
TRXUSDT,2025-05-17T20:00:00.000Z,0.27050000,0.27200000,0.27020000,0.27200000,16187952.20000000,2025-05-17T20:59:59.999Z,4385762.56741000,5325,10956787.70000000,2969779.49611000,0
TRXUSDT,2025-05-17T21:00:00.000Z,0.27200000,0.27210000,0.27130000,0.27160000,9216439.60000000,2025-05-17T21:59:59.999Z,2503934.50285000,3585,4510528.90000000,1225642.75674000,0
TRXUSDT,2025-05-17T22:00:00.000Z,0.27160000,0.27160000,0.26920000,0.26920000,15193596.20000000,2025-05-17T22:59:59.999Z,4106171.53851000,4460,1801660.20000000,486850.38963000,0
TRXUSDT,2025-05-17T23:00:00.000Z,0.26920000,0.26980000,0.26860000,0.26960000,11390632.00000000,2025-05-17T23:59:59.999Z,3066176.15041000,3838,5450421.20000000,1467920.27914000,0
TRXUSDT,2025-05-18T00:00:00.000Z,0.26950000,0.27020000,0.26890000,0.27000000,16952236.60000000,2025-05-18T00:59:59.999Z,4570081.07007000,4524,9455956.70000000,2550157.30293000,0
TRXUSDT,2025-05-18T01:00:00.000Z,0.26990000,0.27130000,0.26970000,0.27120000,13828432.10000000,2025-05-18T01:59:59.999Z,3740992.99726000,4116,10272690.20000000,2779417.81693000,0
TRXUSDT,2025-05-18T02:00:00.000Z,0.27120000,0.27340000,0.27100000,0.27230000,24995248.50000000,2025-05-18T02:59:59.999Z,6802938.98193000,6828,18735086.80000000,5098877.22441000,0
TRXUSDT,2025-05-18T03:00:00.000Z,0.27240000,0.27270000,0.27130000,0.27150000,12617097.30000000,2025-05-18T03:59:59.999Z,3430281.18010000,4003,3733040.00000000,1014962.90714000,0
TRXUSDT,2025-05-18T04:00:00.000Z,0.27160000,0.27240000,0.27160000,0.27200000,7589966.10000000,2025-05-18T04:59:59.999Z,2064421.82380000,3159,4774627.10000000,1298777.64377000,0
TRXUSDT,2025-05-18T05:00:00.000Z,0.27210000,0.27270000,0.27140000,0.27220000,9365010.30000000,2025-05-18T05:59:59.999Z,2547633.53516000,4011,5071480.70000000,1380068.92618000,0
TRXUSDT,2025-05-18T06:00:00.000Z,0.27230000,0.27230000,0.27170000,0.27200000,6350141.70000000,2025-05-18T06:59:59.999Z,1727109.69409000,3115,2503542.70000000,681045.11710000,0
TRXUSDT,2025-05-18T07:00:00.000Z,0.27200000,0.27330000,0.27180000,0.27320000,12314237.20000000,2025-05-18T07:59:59.999Z,3358069.26387000,4394,8340552.90000000,2274472.38532000,0
TRXUSDT,2025-05-18T08:00:00.000Z,0.27330000,0.27340000,0.27250000,0.27290000,11402882.60000000,2025-05-18T08:59:59.999Z,3112185.45508000,5011,5422366.80000000,1480055.75816000,0
TRXUSDT,2025-05-18T09:00:00.000Z,0.27300000,0.27320000,0.27220000,0.27250000,8823462.60000000,2025-05-18T09:59:59.999Z,2405467.78425000,3975,2881857.70000000,785872.68361000,0
TRXUSDT,2025-05-18T10:00:00.000Z,0.27250000,0.27280000,0.27190000,0.27270000,8364022.20000000,2025-05-18T10:59:59.999Z,2277426.01266000,3564,2967297.90000000,808498.47818000,0
TRXUSDT,2025-05-18T11:00:00.000Z,0.27260000,0.27270000,0.27220000,0.27240000,5470069.10000000,2025-05-18T11:59:59.999Z,1490315.04207000,3090,2073616.50000000,565100.53005000,0
TRXUSDT,2025-05-18T12:00:00.000Z,0.27250000,0.27260000,0.27210000,0.27240000,4576748.30000000,2025-05-18T12:59:59.999Z,1246239.28094000,3314,1627892.00000000,443409.15216000,0
TRXUSDT,2025-05-18T13:00:00.000Z,0.27230000,0.27400000,0.27170000,0.27320000,23141341.20000000,2025-05-18T13:59:59.999Z,6314085.01128000,6922,14220988.00000000,3880343.16293000,0
TRXUSDT,2025-05-18T14:00:00.000Z,0.27320000,0.27460000,0.27300000,0.27390000,27160177.20000000,2025-05-18T14:59:59.999Z,7435400.74196000,8009,16589132.80000000,4541511.22599000,0
TRXUSDT,2025-05-18T15:00:00.000Z,0.27390000,0.27410000,0.27270000,0.27290000,16446707.80000000,2025-05-18T15:59:59.999Z,4491945.02394000,6149,5325875.40000000,1454650.85497000,0
TRXUSDT,2025-05-18T16:00:00.000Z,0.27280000,0.27340000,0.27150000,0.27180000,29758325.50000000,2025-05-18T16:59:59.999Z,8105400.44888000,9186,9517512.80000000,2594425.37820000,0
TRXUSDT,2025-05-18T17:00:00.000Z,0.27180000,0.27180000,0.26750000,0.26750000,55033813.80000000,2025-05-18T17:59:59.999Z,14829283.26500000,15309,11914814.40000000,3211097.21039000,0
TRXUSDT,2025-05-18T18:00:00.000Z,0.26750000,0.26770000,0.26480000,0.26560000,55085421.30000000,2025-05-18T18:59:59.999Z,14649372.15627000,18143,19483362.50000000,5181297.67983000,0
TRXUSDT,2025-05-18T19:00:00.000Z,0.26560000,0.26640000,0.26480000,0.26490000,16329526.60000000,2025-05-18T19:59:59.999Z,4337210.49344000,7265,6522897.70000000,1733939.14442000,0
TRXUSDT,2025-05-18T20:00:00.000Z,0.26490000,0.26590000,0.26370000,0.26570000,37721227.60000000,2025-05-18T20:59:59.999Z,9988123.43537000,10660,22315311.70000000,5912197.19848000,0
TRXUSDT,2025-05-18T21:00:00.000Z,0.26570000,0.26660000,0.26540000,0.26550000,15315194.70000000,2025-05-18T21:59:59.999Z,4072296.50285000,4485,8000523.10000000,2128257.97235000,0
TRXUSDT,2025-05-18T22:00:00.000Z,0.26550000,0.26680000,0.26470000,0.26670000,20991901.70000000,2025-05-18T22:59:59.999Z,5576607.86260000,6675,13397451.40000000,3561254.17113000,0
TRXUSDT,2025-05-18T23:00:00.000Z,0.26680000,0.26800000,0.26610000,0.26790000,24295013.20000000,2025-05-18T23:59:59.999Z,6483661.12120000,6318,15167718.60000000,4049867.75253000,0
TRXUSDT,2025-05-19T00:00:00.000Z,0.26800000,0.26810000,0.26350000,0.26370000,58428395.50000000,2025-05-19T00:59:59.999Z,15515824.88032000,14513,15513375.20000000,4123463.87578000,0
TRXUSDT,2025-05-19T01:00:00.000Z,0.26370000,0.26450000,0.26270000,0.26290000,32917691.00000000,2025-05-19T01:59:59.999Z,8672322.35278000,7737,12908076.40000000,3403066.70470000,0
TRXUSDT,2025-05-19T02:00:00.000Z,0.26290000,0.26340000,0.26200000,0.26310000,17555565.90000000,2025-05-19T02:59:59.999Z,4610765.20859000,5705,8490771.00000000,2230770.25505000,0
TRXUSDT,2025-05-19T03:00:00.000Z,0.26310000,0.26330000,0.26260000,0.26290000,7480968.10000000,2025-05-19T03:59:59.999Z,1966484.41004000,3913,3555558.60000000,934849.73603000,0
TRXUSDT,2025-05-19T04:00:00.000Z,0.26290000,0.26350000,0.26050000,0.26120000,52344399.00000000,2025-05-19T04:59:59.999Z,13700186.95303000,11241,20146274.20000000,5272622.63130000,0
TRXUSDT,2025-05-19T05:00:00.000Z,0.26120000,0.26250000,0.26090000,0.26250000,26681369.60000000,2025-05-19T05:59:59.999Z,6980511.37071000,7031,17172172.10000000,4494643.29821000,0
TRXUSDT,2025-05-19T06:00:00.000Z,0.26250000,0.26330000,0.26210000,0.26220000,21050835.00000000,2025-05-19T06:59:59.999Z,5527597.17760000,6562,9210586.90000000,2419503.90631000,0
TRXUSDT,2025-05-19T07:00:00.000Z,0.26210000,0.26460000,0.26210000,0.26410000,25481839.30000000,2025-05-19T07:59:59.999Z,6721630.74253000,7154,18915734.40000000,4989445.65666000,0
TRXUSDT,2025-05-19T08:00:00.000Z,0.26420000,0.26420000,0.26240000,0.26270000,16405627.00000000,2025-05-19T08:59:59.999Z,4317227.01643000,5843,6833871.00000000,1799425.32128000,0
TRXUSDT,2025-05-19T09:00:00.000Z,0.26260000,0.26320000,0.26240000,0.26240000,9643309.60000000,2025-05-19T09:59:59.999Z,2533614.54805000,4487,5519943.10000000,1450596.64728000,0
TRXUSDT,2025-05-19T10:00:00.000Z,0.26250000,0.26320000,0.26170000,0.26280000,14393932.70000000,2025-05-19T10:59:59.999Z,3777178.00204000,5271,7564972.30000000,1986154.16887000,0
TRXUSDT,2025-05-19T11:00:00.000Z,0.26290000,0.26440000,0.26250000,0.26380000,11204461.10000000,2025-05-19T11:59:59.999Z,2953073.55030000,4854,7003159.80000000,1846326.53362000,0
TRXUSDT,2025-05-19T12:00:00.000Z,0.26380000,0.26430000,0.26320000,0.26390000,17606171.20000000,2025-05-19T12:59:59.999Z,4643791.52841000,5929,8954185.30000000,2362471.44743000,0
TRXUSDT,2025-05-19T13:00:00.000Z,0.26390000,0.26500000,0.26370000,0.26450000,19571955.80000000,2025-05-19T13:59:59.999Z,5173915.76998000,7447,12721531.60000000,3363341.98392000,0
TRXUSDT,2025-05-19T14:00:00.000Z,0.26440000,0.26580000,0.26440000,0.26500000,14608417.30000000,2025-05-19T14:59:59.999Z,3874586.52182000,7016,9573186.40000000,2539185.91138000,0
TRXUSDT,2025-05-19T15:00:00.000Z,0.26500000,0.26540000,0.26460000,0.26500000,9970488.60000000,2025-05-19T15:59:59.999Z,2641753.08792000,4221,4387372.10000000,1162818.74841000,0
TRXUSDT,2025-05-19T16:00:00.000Z,0.26500000,0.26550000,0.26380000,0.26550000,18951225.00000000,2025-05-19T16:59:59.999Z,5015744.81575000,5507,10858276.00000000,2875498.74444000,0
TRXUSDT,2025-05-19T17:00:00.000Z,0.26550000,0.26560000,0.26450000,0.26500000,11221407.90000000,2025-05-19T17:59:59.999Z,2973578.02374000,4809,4646753.60000000,1231760.07304000,0
TRXUSDT,2025-05-19T18:00:00.000Z,0.26500000,0.26520000,0.26450000,0.26490000,10095567.00000000,2025-05-19T18:59:59.999Z,2673613.59334000,3841,4194730.80000000,1111375.93611000,0
TRXUSDT,2025-05-19T19:00:00.000Z,0.26490000,0.26570000,0.26450000,0.26560000,8712948.30000000,2025-05-19T19:59:59.999Z,2309830.91231000,3102,6474837.40000000,1717017.10915000,0
TRXUSDT,2025-05-19T20:00:00.000Z,0.26570000,0.26570000,0.26510000,0.26540000,4147896.00000000,2025-05-19T20:59:59.999Z,1100665.57007000,2717,1461363.50000000,387821.03080000,0
TRXUSDT,2025-05-19T21:00:00.000Z,0.26540000,0.26580000,0.26520000,0.26570000,3857525.50000000,2025-05-19T21:59:59.999Z,1024496.85848000,2734,2649894.80000000,703811.57798000,0
TRXUSDT,2025-05-19T22:00:00.000Z,0.26570000,0.26590000,0.26540000,0.26560000,2625487.10000000,2025-05-19T22:59:59.999Z,697571.89155000,2225,1345598.70000000,357600.48357000,0
TRXUSDT,2025-05-19T23:00:00.000Z,0.26570000,0.26680000,0.26560000,0.26670000,7536617.50000000,2025-05-19T23:59:59.999Z,2006957.33973000,3342,5761518.00000000,1534112.87284000,0
TRXUSDT,2025-05-20T00:00:00.000Z,0.26670000,0.26680000,0.26610000,0.26650000,8233918.20000000,2025-05-20T00:59:59.999Z,2194052.89142000,3893,4094659.30000000,1091349.11854000,0
TRXUSDT,2025-05-20T01:00:00.000Z,0.26650000,0.26700000,0.26620000,0.26690000,10936534.60000000,2025-05-20T01:59:59.999Z,2916385.22818000,5299,5548116.80000000,1479957.53351000,0
TRXUSDT,2025-05-20T02:00:00.000Z,0.26690000,0.26820000,0.26680000,0.26810000,20677768.40000000,2025-05-20T02:59:59.999Z,5533698.20625000,7067,13220574.20000000,3538216.19947000,0
TRXUSDT,2025-05-20T03:00:00.000Z,0.26810000,0.26820000,0.26640000,0.26740000,10487277.80000000,2025-05-20T03:59:59.999Z,2801477.15993000,5181,5470301.30000000,1461875.33297000,0
TRXUSDT,2025-05-20T04:00:00.000Z,0.26730000,0.26950000,0.26690000,0.26940000,22722667.60000000,2025-05-20T04:59:59.999Z,6094186.70477000,8450,17008970.90000000,4563292.18779000,0
TRXUSDT,2025-05-20T05:00:00.000Z,0.26940000,0.27150000,0.26940000,0.27150000,25817505.50000000,2025-05-20T05:59:59.999Z,6989675.24924000,9935,18638694.70000000,5045257.56906000,0
TRXUSDT,2025-05-20T06:00:00.000Z,0.27150000,0.27210000,0.27050000,0.27210000,25941517.20000000,2025-05-20T06:59:59.999Z,7037892.77810000,11330,15078589.00000000,4092328.22290000,0
TRXUSDT,2025-05-20T07:00:00.000Z,0.27210000,0.27220000,0.27100000,0.27160000,22507652.40000000,2025-05-20T07:59:59.999Z,6111514.75236000,9906,10439780.60000000,2835810.69873000,0
TRXUSDT,2025-05-20T08:00:00.000Z,0.27150000,0.27350000,0.27120000,0.27350000,27581558.60000000,2025-05-20T08:59:59.999Z,7517617.30577000,12582,19659723.90000000,5358588.60362000,0
TRXUSDT,2025-05-20T09:00:00.000Z,0.27350000,0.27450000,0.27180000,0.27210000,35204692.90000000,2025-05-20T09:59:59.999Z,9609327.49935000,11253,14974649.50000000,4090530.53778000,0
TRXUSDT,2025-05-20T10:00:00.000Z,0.27220000,0.27340000,0.27200000,0.27320000,27182285.10000000,2025-05-20T10:59:59.999Z,7407156.50392000,9113,15581576.00000000,4247004.45661000,0
TRXUSDT,2025-05-20T11:00:00.000Z,0.27330000,0.27350000,0.27260000,0.27350000,16922092.10000000,2025-05-20T11:59:59.999Z,4620468.48089000,6940,9114011.00000000,2489399.93382000,0
TRXUSDT,2025-05-20T12:00:00.000Z,0.27350000,0.27390000,0.27180000,0.27280000,24031365.10000000,2025-05-20T12:59:59.999Z,6559044.45362000,8554,9761139.70000000,2665966.72871000,0
TRXUSDT,2025-05-20T13:00:00.000Z,0.27270000,0.27340000,0.27180000,0.27270000,21051183.40000000,2025-05-20T13:59:59.999Z,5737758.78796000,7866,10018252.00000000,2731902.72386000,0
TRXUSDT,2025-05-20T14:00:00.000Z,0.27260000,0.27310000,0.27100000,0.27110000,25062207.80000000,2025-05-20T14:59:59.999Z,6824441.76365000,8211,9032418.30000000,2461703.88409000,0
TRXUSDT,2025-05-20T15:00:00.000Z,0.27110000,0.27170000,0.27070000,0.27100000,16525242.80000000,2025-05-20T15:59:59.999Z,4480224.71136000,6221,6479456.10000000,1757485.47886000,0
TRXUSDT,2025-05-20T16:00:00.000Z,0.27090000,0.27350000,0.27090000,0.27270000,25157886.90000000,2025-05-20T16:59:59.999Z,6848844.11441000,7419,13540764.00000000,3684979.11188000,0
TRXUSDT,2025-05-20T17:00:00.000Z,0.27270000,0.27380000,0.27250000,0.27330000,18200669.20000000,2025-05-20T17:59:59.999Z,4973761.56583000,6276,10239375.70000000,2798560.77934000,0
TRXUSDT,2025-05-20T18:00:00.000Z,0.27320000,0.27410000,0.27290000,0.27390000,29329503.30000000,2025-05-20T18:59:59.999Z,8024362.97164000,7772,15699102.60000000,4296494.01107000,0
TRXUSDT,2025-05-20T19:00:00.000Z,0.27390000,0.27550000,0.26960000,0.27060000,74445763.50000000,2025-05-20T19:59:59.999Z,20269296.97034000,18033,28592324.20000000,7793342.72795000,0
TRXUSDT,2025-05-20T20:00:00.000Z,0.27060000,0.27060000,0.26970000,0.27000000,16997419.10000000,2025-05-20T20:59:59.999Z,4591815.16861000,5528,6400763.10000000,1729789.78302000,0
TRXUSDT,2025-05-20T21:00:00.000Z,0.27000000,0.27010000,0.26890000,0.26900000,15612141.70000000,2025-05-20T21:59:59.999Z,4206162.52893000,5513,3763078.50000000,1013821.99596000,0
TRXUSDT,2025-05-20T22:00:00.000Z,0.26910000,0.26920000,0.26830000,0.26860000,12750115.20000000,2025-05-20T22:59:59.999Z,3426205.55786000,4611,5382520.30000000,1446651.81764000,0
TRXUSDT,2025-05-20T23:00:00.000Z,0.26870000,0.26950000,0.26810000,0.26910000,16086887.40000000,2025-05-20T23:59:59.999Z,4323302.60150000,4373,8346303.20000000,2243897.79113000,0
TRXUSDT,2025-05-21T00:00:00.000Z,0.26910000,0.26920000,0.26840000,0.26870000,13578975.10000000,2025-05-21T00:59:59.999Z,3650363.06539000,4651,5112361.50000000,1374629.69775000,0
TRXUSDT,2025-05-21T01:00:00.000Z,0.26870000,0.27030000,0.26840000,0.27010000,16662110.20000000,2025-05-21T01:59:59.999Z,4484422.82535000,4877,9869193.20000000,2657586.94152000,0
TRXUSDT,2025-05-21T02:00:00.000Z,0.27010000,0.27020000,0.26920000,0.26960000,12426113.90000000,2025-05-21T02:59:59.999Z,3349207.33468000,4456,4848272.10000000,1307002.76244000,0
TRXUSDT,2025-05-21T03:00:00.000Z,0.26960000,0.27010000,0.26890000,0.26990000,16840254.40000000,2025-05-21T03:59:59.999Z,4538896.44956000,5880,9613694.20000000,2592022.94548000,0
TRXUSDT,2025-05-21T04:00:00.000Z,0.26980000,0.27020000,0.26920000,0.26990000,16729744.50000000,2025-05-21T04:59:59.999Z,4511287.74607000,4760,7260533.20000000,1958694.66857000,0
TRXUSDT,2025-05-21T05:00:00.000Z,0.26980000,0.27150000,0.26960000,0.27090000,18900598.90000000,2025-05-21T05:59:59.999Z,5115560.97796000,5960,12807562.10000000,3466432.85000000,0
TRXUSDT,2025-05-21T06:00:00.000Z,0.27090000,0.27230000,0.27040000,0.27230000,16318484.90000000,2025-05-21T06:59:59.999Z,4427482.71230000,5185,9790882.00000000,2658041.18902000,0
TRXUSDT,2025-05-21T07:00:00.000Z,0.27230000,0.27280000,0.27060000,0.27130000,36341002.00000000,2025-05-21T07:59:59.999Z,9875489.15098000,8073,12359534.80000000,3358788.80924000,0
TRXUSDT,2025-05-21T08:00:00.000Z,0.27130000,0.27150000,0.26980000,0.27000000,14533117.70000000,2025-05-21T08:59:59.999Z,3931623.91624000,4820,2732328.60000000,739514.76839000,0
TRXUSDT,2025-05-21T09:00:00.000Z,0.27010000,0.27160000,0.26960000,0.27160000,15681312.80000000,2025-05-21T09:59:59.999Z,4240323.77713000,5855,10653294.20000000,2882498.71252000,0
TRXUSDT,2025-05-21T10:00:00.000Z,0.27150000,0.27190000,0.27100000,0.27140000,9803656.60000000,2025-05-21T10:59:59.999Z,2660526.29957000,4950,4587638.50000000,1245320.86232000,0
TRXUSDT,2025-05-21T11:00:00.000Z,0.27140000,0.27190000,0.27100000,0.27110000,12336893.00000000,2025-05-21T11:59:59.999Z,3348661.21788000,4733,6236797.40000000,1693419.13067000,0
TRXUSDT,2025-05-21T12:00:00.000Z,0.27120000,0.27130000,0.27000000,0.27110000,16841690.90000000,2025-05-21T12:59:59.999Z,4556756.65768000,5235,7147872.70000000,1934276.07180000,0
TRXUSDT,2025-05-21T13:00:00.000Z,0.27110000,0.27160000,0.27040000,0.27100000,14318016.70000000,2025-05-21T13:59:59.999Z,3878557.63366000,4930,8214326.70000000,2225802.53001000,0
TRXUSDT,2025-05-21T14:00:00.000Z,0.27100000,0.27160000,0.27040000,0.27160000,24171646.70000000,2025-05-21T14:59:59.999Z,6551427.68496000,6639,13479940.60000000,3654862.33986000,0
TRXUSDT,2025-05-21T15:00:00.000Z,0.27160000,0.27310000,0.27130000,0.27240000,51044649.10000000,2025-05-21T15:59:59.999Z,13894866.59532000,10579,25980072.10000000,7074318.25602000,0
TRXUSDT,2025-05-21T16:00:00.000Z,0.27250000,0.27430000,0.27210000,0.27290000,24684710.60000000,2025-05-21T16:59:59.999Z,6742888.18675000,8202,16014476.60000000,4374470.44529000,0
TRXUSDT,2025-05-21T17:00:00.000Z,0.27300000,0.27310000,0.26800000,0.26870000,100205536.00000000,2025-05-21T17:59:59.999Z,27022883.15349000,21868,33146133.20000000,8936617.66635000,0
TRXUSDT,2025-05-21T18:00:00.000Z,0.26860000,0.26880000,0.26580000,0.26640000,60768039.80000000,2025-05-21T18:59:59.999Z,16225052.77752000,13098,23475208.90000000,6266445.73583000,0
TRXUSDT,2025-05-21T19:00:00.000Z,0.26630000,0.26740000,0.26580000,0.26700000,26890818.00000000,2025-05-21T19:59:59.999Z,7169918.26535000,7267,16326916.60000000,4354923.01349000,0
TRXUSDT,2025-05-21T20:00:00.000Z,0.26700000,0.26710000,0.26610000,0.26660000,11085095.60000000,2025-05-21T20:59:59.999Z,2954781.17565000,4299,5622528.50000000,1498792.90686000,0
TRXUSDT,2025-05-21T21:00:00.000Z,0.26660000,0.26680000,0.26600000,0.26610000,7862776.10000000,2025-05-21T21:59:59.999Z,2095304.53407000,3420,3730002.40000000,994038.88078000,0
TRXUSDT,2025-05-21T22:00:00.000Z,0.26620000,0.26880000,0.26610000,0.26870000,18974144.70000000,2025-05-21T22:59:59.999Z,5077487.65929000,4786,14880054.30000000,3982008.86071000,0
TRXUSDT,2025-05-21T23:00:00.000Z,0.26870000,0.26950000,0.26780000,0.26830000,26154801.20000000,2025-05-21T23:59:59.999Z,7025089.41291000,6732,13524275.70000000,3634106.86984000,0
TRXUSDT,2025-05-22T00:00:00.000Z,0.26830000,0.26950000,0.26730000,0.26930000,27529312.60000000,2025-05-22T00:59:59.999Z,7381093.44553000,7011,15207057.40000000,4080175.11966000,0
TRXUSDT,2025-05-22T01:00:00.000Z,0.26930000,0.27000000,0.26760000,0.26810000,30440316.10000000,2025-05-22T01:59:59.999Z,8185994.00938000,6874,13993563.50000000,3765271.99746000,0
TRXUSDT,2025-05-22T02:00:00.000Z,0.26800000,0.27070000,0.26790000,0.26930000,20760029.90000000,2025-05-22T02:59:59.999Z,5595783.77727000,6155,14446371.30000000,3893332.76793000,0
TRXUSDT,2025-05-22T03:00:00.000Z,0.26930000,0.27070000,0.26880000,0.27020000,24759324.80000000,2025-05-22T03:59:59.999Z,6678474.89510000,7102,15799939.10000000,4263198.52708000,0
TRXUSDT,2025-05-22T04:00:00.000Z,0.27020000,0.27160000,0.27010000,0.27090000,30676094.70000000,2025-05-22T04:59:59.999Z,8312613.72993000,8213,19385052.90000000,5253687.46528000,0
TRXUSDT,2025-05-22T05:00:00.000Z,0.27090000,0.27190000,0.27050000,0.27140000,17437859.60000000,2025-05-22T05:59:59.999Z,4728252.53618000,4967,8469822.50000000,2296543.73406000,0
TRXUSDT,2025-05-22T06:00:00.000Z,0.27150000,0.27280000,0.27140000,0.27250000,17233827.40000000,2025-05-22T06:59:59.999Z,4690754.65419000,6040,12383133.30000000,3370490.13800000,0
TRXUSDT,2025-05-22T07:00:00.000Z,0.27250000,0.27270000,0.27120000,0.27210000,14007643.10000000,2025-05-22T07:59:59.999Z,3808836.29396000,4881,5597030.50000000,1522334.13228000,0
TRXUSDT,2025-05-22T08:00:00.000Z,0.27210000,0.27370000,0.27200000,0.27240000,21366992.70000000,2025-05-22T08:59:59.999Z,5830055.96504000,6772,13642955.80000000,3722835.54132000,0
TRXUSDT,2025-05-22T09:00:00.000Z,0.27250000,0.27650000,0.27230000,0.27620000,59262497.10000000,2025-05-22T09:59:59.999Z,16305934.15318000,19830,39958643.00000000,10988353.87967000,0
TRXUSDT,2025-05-22T10:00:00.000Z,0.27630000,0.27810000,0.27590000,0.27750000,37339928.20000000,2025-05-22T10:59:59.999Z,10338636.42073000,12724,21165234.10000000,5861005.12169000,0
TRXUSDT,2025-05-22T11:00:00.000Z,0.27750000,0.28210000,0.27720000,0.28110000,68560751.10000000,2025-05-22T11:59:59.999Z,19130002.42985000,23440,43865719.60000000,12246345.16451000,0
TRXUSDT,2025-05-22T12:00:00.000Z,0.28120000,0.28150000,0.27570000,0.27790000,96568968.50000000,2025-05-22T12:59:59.999Z,26891402.99830000,24862,36265707.70000000,10095158.49651000,0
TRXUSDT,2025-05-22T13:00:00.000Z,0.27790000,0.27820000,0.27420000,0.27600000,52139725.40000000,2025-05-22T13:59:59.999Z,14399372.89783000,13266,18185232.20000000,5023779.21191000,0
TRXUSDT,2025-05-22T14:00:00.000Z,0.27600000,0.27870000,0.27590000,0.27860000,52958181.50000000,2025-05-22T14:59:59.999Z,14695661.43141000,13166,33940341.50000000,9418892.93430000,0
TRXUSDT,2025-05-22T15:00:00.000Z,0.27860000,0.27920000,0.27740000,0.27760000,22440016.20000000,2025-05-22T15:59:59.999Z,6242558.92615000,7752,9765279.70000000,2717045.40295000,0
TRXUSDT,2025-05-22T16:00:00.000Z,0.27760000,0.27830000,0.27630000,0.27640000,21604676.50000000,2025-05-22T16:59:59.999Z,5992250.50095000,6576,6924056.70000000,1922011.43152000,0
TRXUSDT,2025-05-22T17:00:00.000Z,0.27640000,0.27780000,0.27620000,0.27710000,29737124.90000000,2025-05-22T17:59:59.999Z,8236866.18984000,6847,16969097.10000000,4701892.23460000,0
TRXUSDT,2025-05-22T18:00:00.000Z,0.27710000,0.27770000,0.27660000,0.27740000,10153612.90000000,2025-05-22T18:59:59.999Z,2814369.13049000,3863,5078986.00000000,1408449.22467000,0
TRXUSDT,2025-05-22T19:00:00.000Z,0.27730000,0.27750000,0.27530000,0.27570000,16481135.00000000,2025-05-22T19:59:59.999Z,4555265.49339000,4803,3058494.30000000,846184.45546000,0
TRXUSDT,2025-05-22T20:00:00.000Z,0.27560000,0.27600000,0.27450000,0.27490000,16133363.20000000,2025-05-22T20:59:59.999Z,4439039.78351000,5164,6391638.30000000,1759480.75003000,0
TRXUSDT,2025-05-22T21:00:00.000Z,0.27500000,0.27520000,0.27420000,0.27480000,13682624.00000000,2025-05-22T21:59:59.999Z,3759080.34254000,4315,7432285.60000000,2042147.40309000,0
TRXUSDT,2025-05-22T22:00:00.000Z,0.27480000,0.27490000,0.27350000,0.27380000,9698491.90000000,2025-05-22T22:59:59.999Z,2659681.83975000,3725,2214490.20000000,607931.11783000,0
TRXUSDT,2025-05-22T23:00:00.000Z,0.27380000,0.27590000,0.27360000,0.27590000,13816307.10000000,2025-05-22T23:59:59.999Z,3795717.46687000,4324,11098430.00000000,3049599.45583000,0
TRXUSDT,2025-05-23T00:00:00.000Z,0.27580000,0.27590000,0.27370000,0.27400000,24965758.60000000,2025-05-23T00:59:59.999Z,6851388.55863000,7005,8384117.10000000,2301241.46714000,0
TRXUSDT,2025-05-23T01:00:00.000Z,0.27400000,0.27410000,0.27290000,0.27350000,20610009.90000000,2025-05-23T01:59:59.999Z,5636002.04552000,7145,8515888.40000000,2329351.38426000,0
TRXUSDT,2025-05-23T02:00:00.000Z,0.27350000,0.27480000,0.27330000,0.27420000,28396659.30000000,2025-05-23T02:59:59.999Z,7786957.28232000,8834,17600155.10000000,4827455.01716000,0
TRXUSDT,2025-05-23T03:00:00.000Z,0.27420000,0.27560000,0.27400000,0.27540000,14563236.80000000,2025-05-23T03:59:59.999Z,4004695.85828000,5910,9891176.20000000,2719895.63449000,0
TRXUSDT,2025-05-23T04:00:00.000Z,0.27540000,0.27540000,0.27270000,0.27360000,30100673.30000000,2025-05-23T04:59:59.999Z,8238907.10831000,8262,11298762.70000000,3092196.21618000,0
TRXUSDT,2025-05-23T05:00:00.000Z,0.27370000,0.27530000,0.27280000,0.27530000,22644781.60000000,2025-05-23T05:59:59.999Z,6200385.06295000,7362,14909324.40000000,4085465.91050000,0
TRXUSDT,2025-05-23T06:00:00.000Z,0.27530000,0.27580000,0.27300000,0.27320000,33003390.00000000,2025-05-23T06:59:59.999Z,9054368.22446000,9532,12442057.10000000,3417970.85550000,0
TRXUSDT,2025-05-23T07:00:00.000Z,0.27320000,0.27380000,0.27290000,0.27350000,12524566.90000000,2025-05-23T07:59:59.999Z,3423847.20678000,4866,6417330.50000000,1754755.45866000,0
TRXUSDT,2025-05-23T08:00:00.000Z,0.27350000,0.27570000,0.27330000,0.27540000,18263816.70000000,2025-05-23T08:59:59.999Z,5012562.26640000,5558,14096846.10000000,3869375.22538000,0
TRXUSDT,2025-05-23T09:00:00.000Z,0.27550000,0.27620000,0.27500000,0.27530000,13698148.40000000,2025-05-23T09:59:59.999Z,3775014.43217000,4830,8534465.10000000,2352499.28402000,0
TRXUSDT,2025-05-23T10:00:00.000Z,0.27530000,0.27530000,0.27280000,0.27360000,28011010.00000000,2025-05-23T10:59:59.999Z,7670417.20952000,7410,7286551.20000000,1993749.32418000,0
TRXUSDT,2025-05-23T11:00:00.000Z,0.27350000,0.27360000,0.26610000,0.26670000,92315747.30000000,2025-05-23T11:59:59.999Z,24853825.58731000,27964,22892659.20000000,6155336.13802000,0
TRXUSDT,2025-05-23T12:00:00.000Z,0.26670000,0.26680000,0.26400000,0.26600000,103540206.50000000,2025-05-23T12:59:59.999Z,27497575.49655000,27466,48864083.00000000,12981783.99151000,0
TRXUSDT,2025-05-23T13:00:00.000Z,0.26600000,0.26750000,0.26530000,0.26730000,27668389.60000000,2025-05-23T13:59:59.999Z,7373396.99069000,9398,16930120.60000000,4513969.97026000,0
TRXUSDT,2025-05-23T14:00:00.000Z,0.26720000,0.26830000,0.26680000,0.26810000,18694972.20000000,2025-05-23T14:59:59.999Z,5002015.93016000,6565,10882610.30000000,2912324.29284000,0
TRXUSDT,2025-05-23T15:00:00.000Z,0.26800000,0.26830000,0.26720000,0.26760000,14210083.20000000,2025-05-23T15:59:59.999Z,3805236.66543000,6128,5373970.80000000,1439477.21093000,0
TRXUSDT,2025-05-23T16:00:00.000Z,0.26760000,0.26830000,0.26640000,0.26830000,20077582.90000000,2025-05-23T16:59:59.999Z,5368375.25715000,7224,10061905.50000000,2692272.11024000,0
TRXUSDT,2025-05-23T17:00:00.000Z,0.26830000,0.27020000,0.26800000,0.26990000,29743426.90000000,2025-05-23T17:59:59.999Z,8011564.82854000,6528,22436791.40000000,6043390.11248000,0
TRXUSDT,2025-05-23T18:00:00.000Z,0.27000000,0.27090000,0.26940000,0.26990000,21814729.20000000,2025-05-23T18:59:59.999Z,5891039.80126000,5684,10393574.60000000,2807890.97171000,0
TRXUSDT,2025-05-23T19:00:00.000Z,0.27000000,0.27130000,0.26980000,0.27130000,15429004.10000000,2025-05-23T19:59:59.999Z,4176583.10210000,4901,11323201.40000000,3064862.33703000,0
TRXUSDT,2025-05-23T20:00:00.000Z,0.27130000,0.27200000,0.27090000,0.27110000,15335468.70000000,2025-05-23T20:59:59.999Z,4162447.01634000,5408,7701696.60000000,2091194.17239000,0
TRXUSDT,2025-05-23T21:00:00.000Z,0.27100000,0.27150000,0.27000000,0.27030000,14062420.60000000,2025-05-23T21:59:59.999Z,3806244.96907000,4537,4665450.50000000,1263385.03644000,0
TRXUSDT,2025-05-23T22:00:00.000Z,0.27040000,0.27130000,0.27010000,0.27020000,14440101.50000000,2025-05-23T22:59:59.999Z,3908709.14195000,4122,7537704.40000000,2040972.81897000,0
TRXUSDT,2025-05-23T23:00:00.000Z,0.27030000,0.27060000,0.26770000,0.26880000,35041307.40000000,2025-05-23T23:59:59.999Z,9421842.15695000,8643,11311252.20000000,3040003.97548000,0
TRXUSDT,2025-05-24T00:00:00.000Z,0.26870000,0.27070000,0.26860000,0.27040000,20132083.70000000,2025-05-24T00:59:59.999Z,5432358.82455000,7201,15307789.50000000,4130510.88586000,0
TRXUSDT,2025-05-24T01:00:00.000Z,0.27050000,0.27170000,0.27040000,0.27110000,15338014.50000000,2025-05-24T01:59:59.999Z,4158021.65008000,5872,10506198.20000000,2848183.28803000,0
TRXUSDT,2025-05-24T02:00:00.000Z,0.27110000,0.27320000,0.27100000,0.27320000,15015087.10000000,2025-05-24T02:59:59.999Z,4088761.08054000,5113,11540910.90000000,3142492.05331000,0
TRXUSDT,2025-05-24T03:00:00.000Z,0.27320000,0.27320000,0.27220000,0.27270000,9035975.40000000,2025-05-24T03:59:59.999Z,2464640.42207000,4302,4588298.00000000,1251424.71467000,0
TRXUSDT,2025-05-24T04:00:00.000Z,0.27270000,0.27350000,0.27250000,0.27260000,12024929.80000000,2025-05-24T04:59:59.999Z,3282722.10175000,3776,6103169.40000000,1666553.39460000,0
TRXUSDT,2025-05-24T05:00:00.000Z,0.27270000,0.27290000,0.27180000,0.27290000,15510587.90000000,2025-05-24T05:59:59.999Z,4224979.63112000,4365,8325747.00000000,2268416.80776000,0
TRXUSDT,2025-05-24T06:00:00.000Z,0.27290000,0.27310000,0.27210000,0.27250000,10813954.50000000,2025-05-24T06:59:59.999Z,2947918.72797000,4366,4961209.50000000,1352842.41217000,0
TRXUSDT,2025-05-24T07:00:00.000Z,0.27250000,0.27290000,0.27160000,0.27170000,7317455.40000000,2025-05-24T07:59:59.999Z,1991859.98466000,3255,2274442.00000000,619467.27199000,0
TRXUSDT,2025-05-24T08:00:00.000Z,0.27180000,0.27300000,0.27100000,0.27300000,15021722.20000000,2025-05-24T08:59:59.999Z,4085312.92023000,4951,8573847.10000000,2333526.65101000,0
TRXUSDT,2025-05-24T09:00:00.000Z,0.27300000,0.27310000,0.27210000,0.27280000,8113944.70000000,2025-05-24T09:59:59.999Z,2212307.31798000,3739,4462707.30000000,1217180.87293000,0
TRXUSDT,2025-05-24T10:00:00.000Z,0.27280000,0.27390000,0.27270000,0.27380000,10294577.40000000,2025-05-24T10:59:59.999Z,2814055.03061000,4413,7647279.10000000,2090431.61202000,0
TRXUSDT,2025-05-24T11:00:00.000Z,0.27390000,0.27390000,0.27230000,0.27240000,8583728.90000000,2025-05-24T11:59:59.999Z,2342412.70871000,3771,2258508.50000000,616472.11896000,0
TRXUSDT,2025-05-24T12:00:00.000Z,0.27240000,0.27250000,0.27090000,0.27210000,18216019.50000000,2025-05-24T12:59:59.999Z,4946916.83083000,5536,7374749.70000000,2002969.63021000,0
TRXUSDT,2025-05-24T13:00:00.000Z,0.27200000,0.27220000,0.27150000,0.27180000,5819819.80000000,2025-05-24T13:59:59.999Z,1582488.74263000,3528,3372327.60000000,917224.96600000,0
TRXUSDT,2025-05-24T14:00:00.000Z,0.27170000,0.27200000,0.27100000,0.27140000,18705810.90000000,2025-05-24T14:59:59.999Z,5078071.53804000,4749,8711346.50000000,2365172.05353000,0
TRXUSDT,2025-05-24T15:00:00.000Z,0.27130000,0.27160000,0.27090000,0.27110000,7872395.90000000,2025-05-24T15:59:59.999Z,2135240.62541000,3483,2340125.20000000,634970.29348000,0
TRXUSDT,2025-05-24T16:00:00.000Z,0.27100000,0.27120000,0.26980000,0.27030000,16896540.50000000,2025-05-24T16:59:59.999Z,4568653.59078000,4907,4612974.70000000,1247259.65164000,0
TRXUSDT,2025-05-24T17:00:00.000Z,0.27040000,0.27100000,0.26960000,0.27070000,9889555.30000000,2025-05-24T17:59:59.999Z,2672322.56824000,3714,5798394.40000000,1567641.60319000,0
TRXUSDT,2025-05-24T18:00:00.000Z,0.27070000,0.27120000,0.27030000,0.27120000,4343894.20000000,2025-05-24T18:59:59.999Z,1176470.10946000,3229,2154372.90000000,583578.97423000,0
TRXUSDT,2025-05-24T19:00:00.000Z,0.27110000,0.27130000,0.27080000,0.27100000,3205325.90000000,2025-05-24T19:59:59.999Z,868719.50705000,2300,1680518.30000000,455567.78441000,0
TRXUSDT,2025-05-24T20:00:00.000Z,0.27100000,0.27110000,0.27060000,0.27110000,3491998.30000000,2025-05-24T20:59:59.999Z,945634.00924000,2061,1405829.80000000,380781.02485000,0
TRXUSDT,2025-05-24T21:00:00.000Z,0.27110000,0.27110000,0.27010000,0.27070000,6646911.30000000,2025-05-24T21:59:59.999Z,1798242.63573000,2649,2604639.40000000,704773.51924000,0
TRXUSDT,2025-05-24T22:00:00.000Z,0.27080000,0.27080000,0.27030000,0.27040000,4202689.00000000,2025-05-24T22:59:59.999Z,1136837.99646000,2343,1586665.40000000,429236.05630000,0
TRXUSDT,2025-05-24T23:00:00.000Z,0.27050000,0.27070000,0.27010000,0.27030000,5718184.40000000,2025-05-24T23:59:59.999Z,1545936.34501000,2717,2427331.50000000,656437.32492000,0
TRXUSDT,2025-05-25T00:00:00.000Z,0.27030000,0.27110000,0.26920000,0.26940000,13347186.20000000,2025-05-25T00:59:59.999Z,3605901.51523000,4718,4252479.10000000,1150195.89774000,0
TRXUSDT,2025-05-25T01:00:00.000Z,0.26950000,0.27000000,0.26900000,0.26940000,10856097.30000000,2025-05-25T01:59:59.999Z,2925148.74060000,4144,5643067.90000000,1521163.90309000,0
TRXUSDT,2025-05-25T02:00:00.000Z,0.26940000,0.26960000,0.26870000,0.26950000,9238043.70000000,2025-05-25T02:59:59.999Z,2486396.41589000,3555,3967381.20000000,1068021.92353000,0
TRXUSDT,2025-05-25T03:00:00.000Z,0.26950000,0.27030000,0.26930000,0.27030000,3901707.50000000,2025-05-25T03:59:59.999Z,1051958.44938000,2373,2783685.30000000,750690.80834000,0
TRXUSDT,2025-05-25T04:00:00.000Z,0.27030000,0.27210000,0.27000000,0.27170000,10695643.30000000,2025-05-25T04:59:59.999Z,2900865.60496000,4252,8070128.90000000,2189248.59685000,0
TRXUSDT,2025-05-25T05:00:00.000Z,0.27170000,0.27220000,0.27150000,0.27210000,6399900.40000000,2025-05-25T05:59:59.999Z,1740151.99956000,3114,4203461.80000000,1143024.73864000,0
TRXUSDT,2025-05-25T06:00:00.000Z,0.27200000,0.27290000,0.27170000,0.27260000,9713929.50000000,2025-05-25T06:59:59.999Z,2644828.89407000,4166,4661231.30000000,1269558.79032000,0
TRXUSDT,2025-05-25T07:00:00.000Z,0.27270000,0.27280000,0.27150000,0.27190000,12655608.40000000,2025-05-25T07:59:59.999Z,3444015.50421000,4505,5945234.30000000,1618047.23622000,0
TRXUSDT,2025-05-25T08:00:00.000Z,0.27190000,0.27230000,0.27100000,0.27130000,15361227.20000000,2025-05-25T08:59:59.999Z,4173169.90159000,5328,5404994.30000000,1469096.73827000,0
TRXUSDT,2025-05-25T09:00:00.000Z,0.27120000,0.27380000,0.27090000,0.27300000,28046871.60000000,2025-05-25T09:59:59.999Z,7633060.25352000,7841,19428780.60000000,5289029.83494000,0
TRXUSDT,2025-05-25T10:00:00.000Z,0.27310000,0.27360000,0.27190000,0.27200000,15119861.40000000,2025-05-25T10:59:59.999Z,4125626.93653000,5003,4734500.40000000,1292983.06462000,0
TRXUSDT,2025-05-25T11:00:00.000Z,0.27190000,0.27310000,0.27080000,0.27310000,29656760.40000000,2025-05-25T11:59:59.999Z,8065940.84048000,6875,16721743.40000000,4551406.69258000,0
TRXUSDT,2025-05-25T12:00:00.000Z,0.27310000,0.27380000,0.27280000,0.27300000,13162767.80000000,2025-05-25T12:59:59.999Z,3596659.00890000,5107,7263577.10000000,1985409.25393000,0
TRXUSDT,2025-05-25T13:00:00.000Z,0.27300000,0.27320000,0.27260000,0.27280000,6071716.30000000,2025-05-25T13:59:59.999Z,1656963.43434000,3608,2754231.70000000,751722.40637000,0
TRXUSDT,2025-05-25T14:00:00.000Z,0.27290000,0.27300000,0.27000000,0.27100000,27455536.90000000,2025-05-25T14:59:59.999Z,7445470.91995000,7498,7249770.40000000,1964481.48122000,0
TRXUSDT,2025-05-25T15:00:00.000Z,0.27100000,0.27100000,0.26970000,0.27070000,17058398.80000000,2025-05-25T15:59:59.999Z,4610468.94762000,6177,6288652.20000000,1700185.46975000,0
TRXUSDT,2025-05-25T16:00:00.000Z,0.27070000,0.27150000,0.26990000,0.27150000,16060633.00000000,2025-05-25T16:59:59.999Z,4346032.51389000,5022,8455985.20000000,2289769.33376000,0
TRXUSDT,2025-05-25T17:00:00.000Z,0.27150000,0.27160000,0.27070000,0.27130000,4073590.00000000,2025-05-25T17:59:59.999Z,1104677.66438000,3209,2274106.40000000,616757.43107000,0
TRXUSDT,2025-05-25T18:00:00.000Z,0.27130000,0.27140000,0.27100000,0.27120000,3160972.20000000,2025-05-25T18:59:59.999Z,857240.40270000,2616,1566037.20000000,424746.39501000,0
TRXUSDT,2025-05-25T19:00:00.000Z,0.27120000,0.27140000,0.27090000,0.27100000,2625946.30000000,2025-05-25T19:59:59.999Z,712025.43390000,2185,1125250.60000000,305167.67630000,0
TRXUSDT,2025-05-25T20:00:00.000Z,0.27100000,0.27150000,0.27060000,0.27150000,6573481.30000000,2025-05-25T20:59:59.999Z,1781580.87057000,2265,3839559.90000000,1041023.90612000,0
TRXUSDT,2025-05-25T21:00:00.000Z,0.27140000,0.27170000,0.27080000,0.27080000,4489466.40000000,2025-05-25T21:59:59.999Z,1217413.69292000,2495,1527229.10000000,414241.43925000,0
TRXUSDT,2025-05-25T22:00:00.000Z,0.27090000,0.27170000,0.27070000,0.27150000,12256127.20000000,2025-05-25T22:59:59.999Z,3324840.93588000,4011,6754004.10000000,1832764.65459000,0
TRXUSDT,2025-05-25T23:00:00.000Z,0.27150000,0.27250000,0.27060000,0.27230000,22030948.20000000,2025-05-25T23:59:59.999Z,5983822.86316000,4471,13271536.70000000,3606719.62421000,0
TRXUSDT,2025-05-26T00:00:00.000Z,0.27230000,0.27260000,0.27180000,0.27230000,9530819.00000000,2025-05-26T00:59:59.999Z,2594222.95155000,3405,4427270.30000000,1205578.09208000,0
TRXUSDT,2025-05-26T01:00:00.000Z,0.27230000,0.27290000,0.27180000,0.27240000,9189946.10000000,2025-05-26T01:59:59.999Z,2502864.95423000,3268,5513830.20000000,1501925.97669000,0
TRXUSDT,2025-05-26T02:00:00.000Z,0.27230000,0.27260000,0.27110000,0.27130000,9091460.90000000,2025-05-26T02:59:59.999Z,2469041.71894000,3269,2243275.30000000,609181.60168000,0
TRXUSDT,2025-05-26T03:00:00.000Z,0.27130000,0.27250000,0.27030000,0.27220000,9979913.40000000,2025-05-26T03:59:59.999Z,2708059.28442000,4849,5935719.30000000,1611147.40335000,0
TRXUSDT,2025-05-26T04:00:00.000Z,0.27220000,0.27330000,0.27190000,0.27250000,12257904.60000000,2025-05-26T04:59:59.999Z,3342655.21054000,4123,7214024.90000000,1967802.25456000,0
TRXUSDT,2025-05-26T05:00:00.000Z,0.27250000,0.27310000,0.27230000,0.27240000,7087575.30000000,2025-05-26T05:59:59.999Z,1932661.52250000,3019,2906267.80000000,792734.71480000,0
TRXUSDT,2025-05-26T06:00:00.000Z,0.27230000,0.27270000,0.27170000,0.27250000,9857924.00000000,2025-05-26T06:59:59.999Z,2683717.90174000,3647,4277397.20000000,1164867.14346000,0
TRXUSDT,2025-05-26T07:00:00.000Z,0.27260000,0.27260000,0.27190000,0.27200000,8316631.10000000,2025-05-26T07:59:59.999Z,2263687.16713000,4126,3306649.20000000,900235.85549000,0
TRXUSDT,2025-05-26T08:00:00.000Z,0.27210000,0.27260000,0.27170000,0.27220000,7969448.30000000,2025-05-26T08:59:59.999Z,2168590.96345000,3736,3430427.20000000,933884.78143000,0
TRXUSDT,2025-05-26T09:00:00.000Z,0.27230000,0.27260000,0.27200000,0.27250000,6331320.30000000,2025-05-26T09:59:59.999Z,1724196.04709000,3430,3519099.20000000,958509.48025000,0
TRXUSDT,2025-05-26T10:00:00.000Z,0.27240000,0.27310000,0.27240000,0.27290000,7979783.80000000,2025-05-26T10:59:59.999Z,2176700.33237000,3855,5675568.00000000,1548180.48844000,0
TRXUSDT,2025-05-26T11:00:00.000Z,0.27290000,0.27430000,0.27270000,0.27390000,13166885.00000000,2025-05-26T11:59:59.999Z,3603593.61355000,5388,9689586.20000000,2651853.65695000,0
TRXUSDT,2025-05-26T12:00:00.000Z,0.27390000,0.27490000,0.27370000,0.27430000,15251372.60000000,2025-05-26T12:59:59.999Z,4184892.25831000,5783,9597134.00000000,2633434.32938000,0
TRXUSDT,2025-05-26T13:00:00.000Z,0.27440000,0.27460000,0.27250000,0.27270000,14456832.70000000,2025-05-26T13:59:59.999Z,3954339.10929000,5567,3043955.70000000,833176.15453000,0
TRXUSDT,2025-05-26T14:00:00.000Z,0.27270000,0.27330000,0.27200000,0.27330000,12005977.00000000,2025-05-26T14:59:59.999Z,3271659.67893000,5293,6076491.90000000,1656610.36004000,0
TRXUSDT,2025-05-26T15:00:00.000Z,0.27320000,0.27370000,0.27250000,0.27300000,12417058.40000000,2025-05-26T15:59:59.999Z,3389980.25668000,4815,6100902.80000000,1665980.45637000,0
TRXUSDT,2025-05-26T16:00:00.000Z,0.27300000,0.27320000,0.27170000,0.27190000,17654627.40000000,2025-05-26T16:59:59.999Z,4808673.80786000,5344,6651807.30000000,1812728.68121000,0
TRXUSDT,2025-05-26T17:00:00.000Z,0.27190000,0.27230000,0.27140000,0.27160000,10020390.60000000,2025-05-26T17:59:59.999Z,2722950.43036000,4056,3131357.10000000,851145.53867000,0
TRXUSDT,2025-05-26T18:00:00.000Z,0.27160000,0.27210000,0.27150000,0.27180000,4324636.70000000,2025-05-26T18:59:59.999Z,1175390.92733000,2999,2406012.10000000,654056.60955000,0
TRXUSDT,2025-05-26T19:00:00.000Z,0.27170000,0.27300000,0.27160000,0.27290000,7118257.30000000,2025-05-26T19:59:59.999Z,1938129.12648000,3250,5200844.40000000,1416315.07165000,0
TRXUSDT,2025-05-26T20:00:00.000Z,0.27300000,0.27450000,0.27270000,0.27400000,14236032.40000000,2025-05-26T20:59:59.999Z,3896660.70986000,4269,10996097.20000000,3009875.01429000,0
TRXUSDT,2025-05-26T21:00:00.000Z,0.27400000,0.27450000,0.27370000,0.27400000,7363473.90000000,2025-05-26T21:59:59.999Z,2018321.63365000,3224,4042342.40000000,1108355.99353000,0
TRXUSDT,2025-05-26T22:00:00.000Z,0.27390000,0.27450000,0.27330000,0.27350000,9381282.80000000,2025-05-26T22:59:59.999Z,2570572.79265000,2836,5094956.00000000,1396746.25244000,0
TRXUSDT,2025-05-26T23:00:00.000Z,0.27350000,0.27440000,0.27330000,0.27390000,8537368.80000000,2025-05-26T23:59:59.999Z,2338771.66235000,2681,5277390.30000000,1445694.59354000,0
TRXUSDT,2025-05-27T00:00:00.000Z,0.27390000,0.27420000,0.27330000,0.27340000,7368099.60000000,2025-05-27T00:59:59.999Z,2016365.66950000,2600,2766689.90000000,757449.87767000,0
TRXUSDT,2025-05-27T01:00:00.000Z,0.27340000,0.27350000,0.27200000,0.27340000,22049793.20000000,2025-05-27T01:59:59.999Z,6015382.30245000,6092,7548096.20000000,2059455.18517000,0
TRXUSDT,2025-05-27T02:00:00.000Z,0.27350000,0.27480000,0.27340000,0.27400000,16519495.70000000,2025-05-27T02:59:59.999Z,4529630.84914000,5076,11673274.20000000,3200510.74588000,0
TRXUSDT,2025-05-27T03:00:00.000Z,0.27410000,0.27540000,0.27400000,0.27510000,16032895.20000000,2025-05-27T03:59:59.999Z,4405842.68960000,4826,10415688.60000000,2862402.18023000,0
TRXUSDT,2025-05-27T04:00:00.000Z,0.27510000,0.27560000,0.27490000,0.27550000,8782508.50000000,2025-05-27T04:59:59.999Z,2417638.84446000,3258,4782978.20000000,1317024.28183000,0
TRXUSDT,2025-05-27T05:00:00.000Z,0.27550000,0.27560000,0.27510000,0.27520000,5355882.10000000,2025-05-27T05:59:59.999Z,1474354.42305000,3009,1832057.00000000,504390.56403000,0
TRXUSDT,2025-05-27T06:00:00.000Z,0.27530000,0.27540000,0.27450000,0.27480000,11474309.60000000,2025-05-27T06:59:59.999Z,3153380.47169000,3900,4028840.70000000,1107432.46940000,0
TRXUSDT,2025-05-27T07:00:00.000Z,0.27470000,0.27730000,0.27470000,0.27710000,14160795.50000000,2025-05-27T07:59:59.999Z,3914481.59473000,5871,9194225.30000000,2541333.98878000,0
TRXUSDT,2025-05-27T08:00:00.000Z,0.27710000,0.27820000,0.27690000,0.27820000,13206610.40000000,2025-05-27T08:59:59.999Z,3666114.06298000,5372,8533029.00000000,2369205.22293000,0
TRXUSDT,2025-05-27T09:00:00.000Z,0.27820000,0.27900000,0.27710000,0.27740000,19147568.10000000,2025-05-27T09:59:59.999Z,5320576.16473000,6227,7798284.50000000,2169112.68063000,0
TRXUSDT,2025-05-27T10:00:00.000Z,0.27730000,0.27820000,0.27700000,0.27710000,14799687.30000000,2025-05-27T10:59:59.999Z,4107110.80546000,4918,6334900.60000000,1758711.54746000,0
TRXUSDT,2025-05-27T11:00:00.000Z,0.27710000,0.27720000,0.27630000,0.27680000,8714083.60000000,2025-05-27T11:59:59.999Z,2410790.70920000,3713,2831849.80000000,783533.90511000,0
TRXUSDT,2025-05-27T12:00:00.000Z,0.27680000,0.27680000,0.27490000,0.27540000,19615085.10000000,2025-05-27T12:59:59.999Z,5408047.82050000,6526,5328023.10000000,1468905.84596000,0
TRXUSDT,2025-05-27T13:00:00.000Z,0.27530000,0.27600000,0.27450000,0.27460000,29535357.60000000,2025-05-27T13:59:59.999Z,8127182.28225000,11699,12032893.30000000,3312887.10907000,0
TRXUSDT,2025-05-27T14:00:00.000Z,0.27460000,0.27520000,0.27320000,0.27500000,22672471.90000000,2025-05-27T14:59:59.999Z,6215422.90495000,7613,11471237.60000000,3146408.96023000,0
TRXUSDT,2025-05-27T15:00:00.000Z,0.27500000,0.27510000,0.27380000,0.27410000,10748870.20000000,2025-05-27T15:59:59.999Z,2947494.66294000,4325,3750125.10000000,1028437.85489000,0
TRXUSDT,2025-05-27T16:00:00.000Z,0.27410000,0.27570000,0.27380000,0.27510000,15434452.40000000,2025-05-27T16:59:59.999Z,4242040.97349000,6074,10093864.00000000,2774811.83788000,0
TRXUSDT,2025-05-27T17:00:00.000Z,0.27510000,0.27610000,0.27490000,0.27540000,15215144.50000000,2025-05-27T17:59:59.999Z,4193141.01240000,6486,9338057.50000000,2574011.60366000,0
TRXUSDT,2025-05-27T18:00:00.000Z,0.27540000,0.27560000,0.27470000,0.27520000,8649886.70000000,2025-05-27T18:59:59.999Z,2379769.84549000,3851,2905623.60000000,799486.78206000,0
TRXUSDT,2025-05-27T19:00:00.000Z,0.27510000,0.27660000,0.27500000,0.27660000,9080114.70000000,2025-05-27T19:59:59.999Z,2504996.91369000,3965,7426722.40000000,2049079.08839000,0
TRXUSDT,2025-05-27T20:00:00.000Z,0.27650000,0.27720000,0.27600000,0.27680000,12780947.30000000,2025-05-27T20:59:59.999Z,3536417.56856000,4871,8106784.20000000,2243453.60137000,0
TRXUSDT,2025-05-27T21:00:00.000Z,0.27680000,0.27700000,0.27650000,0.27690000,5249642.90000000,2025-05-27T21:59:59.999Z,1453202.46773000,4231,2384873.10000000,660329.28389000,0
TRXUSDT,2025-05-27T22:00:00.000Z,0.27690000,0.27770000,0.27680000,0.27760000,9874934.20000000,2025-05-27T22:59:59.999Z,2737959.82151000,4007,6983150.70000000,1936412.38816000,0
TRXUSDT,2025-05-27T23:00:00.000Z,0.27750000,0.27810000,0.27710000,0.27790000,9301744.20000000,2025-05-27T23:59:59.999Z,2582671.68517000,3825,5964266.60000000,1656237.42995000,0
TRXUSDT,2025-05-28T00:00:00.000Z,0.27790000,0.27830000,0.27640000,0.27680000,18840019.00000000,2025-05-28T00:59:59.999Z,5222985.65531000,4940,6693189.40000000,1856550.20246000,0
TRXUSDT,2025-05-28T01:00:00.000Z,0.27690000,0.27930000,0.27670000,0.27910000,15996991.00000000,2025-05-28T01:59:59.999Z,4450670.32520000,5562,12744566.60000000,3545674.13587000,0
TRXUSDT,2025-05-28T02:00:00.000Z,0.27910000,0.27970000,0.27860000,0.27910000,15567186.40000000,2025-05-28T02:59:59.999Z,4345720.98393000,5735,8061987.80000000,2251342.00411000,0
TRXUSDT,2025-05-28T03:00:00.000Z,0.27910000,0.27950000,0.27770000,0.27800000,9859606.20000000,2025-05-28T03:59:59.999Z,2747588.46220000,4211,3886446.50000000,1083803.76805000,0
TRXUSDT,2025-05-28T04:00:00.000Z,0.27800000,0.27850000,0.27680000,0.27700000,10739906.60000000,2025-05-28T04:59:59.999Z,2980592.79231000,3874,4047411.90000000,1124177.66256000,0
TRXUSDT,2025-05-28T05:00:00.000Z,0.27700000,0.27730000,0.27610000,0.27640000,9786052.00000000,2025-05-28T05:59:59.999Z,2705072.81881000,3682,2607263.80000000,720574.51923000,0
TRXUSDT,2025-05-28T06:00:00.000Z,0.27630000,0.27720000,0.27620000,0.27670000,7327209.80000000,2025-05-28T06:59:59.999Z,2027287.44262000,3739,3863704.20000000,1069040.90324000,0
TRXUSDT,2025-05-28T07:00:00.000Z,0.27670000,0.27690000,0.27590000,0.27600000,9555284.20000000,2025-05-28T07:59:59.999Z,2640829.63685000,3460,2438280.40000000,674468.21839000,0
TRXUSDT,2025-05-28T08:00:00.000Z,0.27600000,0.27610000,0.27530000,0.27570000,9378806.20000000,2025-05-28T08:59:59.999Z,2585249.55546000,5866,3202749.70000000,882971.11575000,0
TRXUSDT,2025-05-28T09:00:00.000Z,0.27570000,0.27590000,0.27470000,0.27550000,12773335.50000000,2025-05-28T09:59:59.999Z,3516231.31706000,7116,5848486.50000000,1610684.23864000,0
TRXUSDT,2025-05-28T10:00:00.000Z,0.27560000,0.27570000,0.27480000,0.27550000,9509702.00000000,2025-05-28T10:59:59.999Z,2617277.54127000,5617,4365969.60000000,1201902.38728000,0
TRXUSDT,2025-05-28T11:00:00.000Z,0.27550000,0.27580000,0.27500000,0.27580000,5026867.40000000,2025-05-28T11:59:59.999Z,1384630.40979000,3358,2885922.10000000,795133.71162000,0
TRXUSDT,2025-05-28T12:00:00.000Z,0.27580000,0.27600000,0.27480000,0.27500000,8841881.20000000,2025-05-28T12:59:59.999Z,2435903.43085000,4654,3687966.50000000,1016795.62157000,0
TRXUSDT,2025-05-28T13:00:00.000Z,0.27500000,0.27560000,0.27450000,0.27470000,13777052.60000000,2025-05-28T13:59:59.999Z,3788534.81112000,5801,6026992.10000000,1658186.91424000,0
TRXUSDT,2025-05-28T14:00:00.000Z,0.27470000,0.27530000,0.27410000,0.27490000,15672301.90000000,2025-05-28T14:59:59.999Z,4306399.70810000,6107,7715143.10000000,2120803.42583000,0
TRXUSDT,2025-05-28T15:00:00.000Z,0.27500000,0.27530000,0.27430000,0.27450000,15352253.20000000,2025-05-28T15:59:59.999Z,4218167.06203000,5082,6000572.00000000,1649309.67145000,0
TRXUSDT,2025-05-28T16:00:00.000Z,0.27440000,0.27590000,0.27440000,0.27590000,9228179.60000000,2025-05-28T16:59:59.999Z,2539479.70098000,3999,6801669.30000000,1872016.25012000,0
TRXUSDT,2025-05-28T17:00:00.000Z,0.27590000,0.27590000,0.27470000,0.27500000,8824934.00000000,2025-05-28T17:59:59.999Z,2428670.01419000,4312,2743924.20000000,755480.60185000,0
TRXUSDT,2025-05-28T18:00:00.000Z,0.27490000,0.27530000,0.27460000,0.27460000,5375154.20000000,2025-05-28T18:59:59.999Z,1477563.15202000,2902,1788319.60000000,491887.10807000,0
TRXUSDT,2025-05-28T19:00:00.000Z,0.27460000,0.27480000,0.27420000,0.27420000,4714994.50000000,2025-05-28T19:59:59.999Z,1294442.60911000,3229,1863033.10000000,511657.02496000,0
TRXUSDT,2025-05-28T20:00:00.000Z,0.27420000,0.27510000,0.27360000,0.27510000,13096245.40000000,2025-05-28T20:59:59.999Z,3593228.55155000,5126,8197759.20000000,2249780.62047000,0
TRXUSDT,2025-05-28T21:00:00.000Z,0.27500000,0.27510000,0.27370000,0.27380000,7399052.90000000,2025-05-28T21:59:59.999Z,2029402.43194000,3308,1841320.00000000,505129.53480000,0
TRXUSDT,2025-05-28T22:00:00.000Z,0.27370000,0.27400000,0.27340000,0.27380000,7166817.50000000,2025-05-28T22:59:59.999Z,1961666.52124000,2871,3018050.10000000,826288.02263000,0
TRXUSDT,2025-05-28T23:00:00.000Z,0.27380000,0.27390000,0.27310000,0.27380000,9138293.60000000,2025-05-28T23:59:59.999Z,2499905.86579000,3456,4495528.00000000,1230254.95496000,0
TRXUSDT,2025-05-29T00:00:00.000Z,0.27370000,0.27410000,0.27250000,0.27340000,20481216.20000000,2025-05-29T00:59:59.999Z,5596440.06693000,6337,10029215.10000000,2741370.73126000,0
TRXUSDT,2025-05-29T01:00:00.000Z,0.27340000,0.27400000,0.27300000,0.27350000,9203571.10000000,2025-05-29T01:59:59.999Z,2517451.28179000,4035,5217960.50000000,1427564.15547000,0
TRXUSDT,2025-05-29T02:00:00.000Z,0.27350000,0.27520000,0.27350000,0.27490000,13928484.00000000,2025-05-29T02:59:59.999Z,3824230.53542000,4874,10029837.10000000,2753885.09721000,0
TRXUSDT,2025-05-29T03:00:00.000Z,0.27500000,0.27560000,0.27360000,0.27370000,10102857.40000000,2025-05-29T03:59:59.999Z,2777493.20394000,4177,5736009.00000000,1577650.78432000,0
TRXUSDT,2025-05-29T04:00:00.000Z,0.27370000,0.27530000,0.27350000,0.27430000,33534960.90000000,2025-05-29T04:59:59.999Z,9200345.99594000,7652,18839913.30000000,5170006.22401000,0
TRXUSDT,2025-05-29T05:00:00.000Z,0.27440000,0.27470000,0.27390000,0.27420000,10575842.20000000,2025-05-29T05:59:59.999Z,2900815.90693000,3822,3649123.40000000,1001335.52621000,0
TRXUSDT,2025-05-29T06:00:00.000Z,0.27420000,0.27480000,0.27400000,0.27460000,7138386.30000000,2025-05-29T06:59:59.999Z,1959470.44313000,3457,4201327.70000000,1153363.26361000,0
TRXUSDT,2025-05-29T07:00:00.000Z,0.27460000,0.27640000,0.27450000,0.27620000,14422248.70000000,2025-05-29T07:59:59.999Z,3974214.80668000,5609,11456761.30000000,3157015.91467000,0
TRXUSDT,2025-05-29T08:00:00.000Z,0.27620000,0.27820000,0.27590000,0.27770000,21928396.30000000,2025-05-29T08:59:59.999Z,6078468.00612000,8059,16939081.50000000,4695453.30853000,0
TRXUSDT,2025-05-29T09:00:00.000Z,0.27780000,0.27800000,0.27580000,0.27590000,32122634.40000000,2025-05-29T09:59:59.999Z,8895762.98336000,8866,11962667.30000000,3314629.73458000,0
TRXUSDT,2025-05-29T10:00:00.000Z,0.27590000,0.27660000,0.27540000,0.27570000,7835580.20000000,2025-05-29T10:59:59.999Z,2162583.66748000,3833,2788215.80000000,769959.71355000,0
TRXUSDT,2025-05-29T11:00:00.000Z,0.27580000,0.27740000,0.27560000,0.27730000,12904990.80000000,2025-05-29T11:59:59.999Z,3568788.52610000,4635,10143291.50000000,2805240.55338000,0
TRXUSDT,2025-05-29T12:00:00.000Z,0.27740000,0.27780000,0.27700000,0.27770000,13587806.00000000,2025-05-29T12:59:59.999Z,3769853.38916000,6227,8461306.00000000,2348108.74155000,0
TRXUSDT,2025-05-29T13:00:00.000Z,0.27770000,0.27820000,0.27640000,0.27650000,16985229.70000000,2025-05-29T13:59:59.999Z,4710465.85491000,6559,5126932.90000000,1423212.03508000,0
TRXUSDT,2025-05-29T14:00:00.000Z,0.27660000,0.27690000,0.27510000,0.27630000,29758045.00000000,2025-05-29T14:59:59.999Z,8213873.55280000,7731,11687594.20000000,3226686.25773000,0
TRXUSDT,2025-05-29T15:00:00.000Z,0.27620000,0.27660000,0.27560000,0.27570000,8746812.40000000,2025-05-29T15:59:59.999Z,2414952.82120000,4064,2987377.10000000,825238.21850000,0
TRXUSDT,2025-05-29T16:00:00.000Z,0.27570000,0.27660000,0.27550000,0.27580000,13218361.70000000,2025-05-29T16:59:59.999Z,3649519.02700000,5506,6675295.00000000,1843461.01946000,0
TRXUSDT,2025-05-29T17:00:00.000Z,0.27580000,0.27670000,0.27560000,0.27610000,13584940.60000000,2025-05-29T17:59:59.999Z,3752413.85975000,4786,7946798.80000000,2195396.64467000,0
TRXUSDT,2025-05-29T18:00:00.000Z,0.27610000,0.27670000,0.27600000,0.27610000,6758752.50000000,2025-05-29T18:59:59.999Z,1868066.01643000,3421,3299213.90000000,912173.65311000,0
TRXUSDT,2025-05-29T19:00:00.000Z,0.27610000,0.27640000,0.27530000,0.27560000,7720056.10000000,2025-05-29T19:59:59.999Z,2128438.43196000,3812,2475964.00000000,682601.45416000,0
TRXUSDT,2025-05-29T20:00:00.000Z,0.27560000,0.27590000,0.27550000,0.27560000,4539293.10000000,2025-05-29T20:59:59.999Z,1251398.32197000,2584,2732963.70000000,753482.03992000,0
TRXUSDT,2025-05-29T21:00:00.000Z,0.27560000,0.27580000,0.27510000,0.27540000,3507815.00000000,2025-05-29T21:59:59.999Z,966382.15364000,2549,1685614.90000000,464455.62220000,0
TRXUSDT,2025-05-29T22:00:00.000Z,0.27540000,0.27550000,0.27460000,0.27460000,6193825.80000000,2025-05-29T22:59:59.999Z,1702906.24833000,2685,1622636.20000000,446170.73115000,0
TRXUSDT,2025-05-29T23:00:00.000Z,0.27460000,0.27480000,0.27380000,0.27470000,12994171.80000000,2025-05-29T23:59:59.999Z,3563647.68435000,4048,4509504.70000000,1237054.01639000,0
TRXUSDT,2025-05-30T00:00:00.000Z,0.27460000,0.27630000,0.27200000,0.27210000,49310778.50000000,2025-05-30T00:59:59.999Z,13519460.48578000,13236,15816973.60000000,4348587.90781000,0
TRXUSDT,2025-05-30T01:00:00.000Z,0.27210000,0.27300000,0.27140000,0.27180000,27909859.20000000,2025-05-30T01:59:59.999Z,7602362.83612000,8499,12977064.30000000,3535856.32440000,0
TRXUSDT,2025-05-30T02:00:00.000Z,0.27180000,0.27270000,0.27160000,0.27210000,17442734.70000000,2025-05-30T02:59:59.999Z,4747547.40336000,5850,9973285.10000000,2714600.69885000,0
TRXUSDT,2025-05-30T03:00:00.000Z,0.27210000,0.27290000,0.27200000,0.27230000,9688691.10000000,2025-05-30T03:59:59.999Z,2639480.44554000,3808,5579285.10000000,1520167.13104000,0
TRXUSDT,2025-05-30T04:00:00.000Z,0.27220000,0.27220000,0.27100000,0.27190000,13445621.00000000,2025-05-30T04:59:59.999Z,3651774.61528000,4982,4418627.50000000,1200318.16249000,0
TRXUSDT,2025-05-30T05:00:00.000Z,0.27190000,0.27230000,0.27080000,0.27150000,16192109.10000000,2025-05-30T05:59:59.999Z,4395589.63308000,4831,7204738.80000000,1956687.95190000,0
TRXUSDT,2025-05-30T06:00:00.000Z,0.27160000,0.27160000,0.26840000,0.26870000,31469362.30000000,2025-05-30T06:59:59.999Z,8487430.87251000,11536,5742572.90000000,1547191.00813000,0
TRXUSDT,2025-05-30T07:00:00.000Z,0.26870000,0.27050000,0.26820000,0.26980000,38569175.10000000,2025-05-30T07:59:59.999Z,10394376.10611000,9460,22804801.90000000,6148988.97955000,0
TRXUSDT,2025-05-30T08:00:00.000Z,0.26980000,0.27100000,0.26930000,0.27080000,22807505.70000000,2025-05-30T08:59:59.999Z,6161001.21988000,6956,12895626.70000000,3485209.96709000,0
TRXUSDT,2025-05-30T09:00:00.000Z,0.27080000,0.27170000,0.27030000,0.27160000,23167393.00000000,2025-05-30T09:59:59.999Z,6278018.44551000,6906,13163666.60000000,3568999.69427000,0
TRXUSDT,2025-05-30T10:00:00.000Z,0.27170000,0.27210000,0.27120000,0.27190000,9486994.60000000,2025-05-30T10:59:59.999Z,2577238.29550000,4706,6114855.90000000,1661406.14553000,0
TRXUSDT,2025-05-30T11:00:00.000Z,0.27190000,0.27240000,0.27150000,0.27200000,8048604.60000000,2025-05-30T11:59:59.999Z,2188641.45162000,4330,3627568.20000000,986888.50530000,0
TRXUSDT,2025-05-30T12:00:00.000Z,0.27210000,0.27290000,0.27080000,0.27290000,24627787.20000000,2025-05-30T12:59:59.999Z,6691654.04089000,7164,13802684.90000000,3752413.08012000,0
TRXUSDT,2025-05-30T13:00:00.000Z,0.27290000,0.27340000,0.27150000,0.27160000,23302284.20000000,2025-05-30T13:59:59.999Z,6348199.06961000,7142,9207468.00000000,2510136.68411000,0
TRXUSDT,2025-05-30T14:00:00.000Z,0.27160000,0.27180000,0.27000000,0.27120000,32781893.70000000,2025-05-30T14:59:59.999Z,8879045.71416000,8959,13928027.00000000,3772960.77100000,0
TRXUSDT,2025-05-30T15:00:00.000Z,0.27130000,0.27170000,0.27090000,0.27120000,9932580.50000000,2025-05-30T15:59:59.999Z,2695159.16324000,4556,5328989.80000000,1446378.59653000,0
TRXUSDT,2025-05-30T16:00:00.000Z,0.27120000,0.27180000,0.26820000,0.26880000,38714129.70000000,2025-05-30T16:59:59.999Z,10439449.59141000,11664,11468826.70000000,3092186.24353000,0
TRXUSDT,2025-05-30T17:00:00.000Z,0.26880000,0.27010000,0.26870000,0.26940000,18208381.10000000,2025-05-30T17:59:59.999Z,4906438.85353000,5617,11052723.70000000,2978813.16109000,0
TRXUSDT,2025-05-30T18:00:00.000Z,0.26950000,0.27030000,0.26930000,0.27020000,11450755.30000000,2025-05-30T18:59:59.999Z,3090737.92447000,4251,7739208.70000000,2089392.41072000,0
TRXUSDT,2025-05-30T19:00:00.000Z,0.27020000,0.27130000,0.26990000,0.27130000,7738334.60000000,2025-05-30T19:59:59.999Z,2094884.30324000,3766,6207957.80000000,1680810.83552000,0
TRXUSDT,2025-05-30T20:00:00.000Z,0.27120000,0.27240000,0.27120000,0.27140000,12291163.00000000,2025-05-30T20:59:59.999Z,3339579.82927000,5125,8354450.60000000,2270242.26323000,0
TRXUSDT,2025-05-30T21:00:00.000Z,0.27140000,0.27180000,0.27080000,0.27090000,6495775.70000000,2025-05-30T21:59:59.999Z,1762431.08803000,2862,2076079.90000000,563612.87356000,0
TRXUSDT,2025-05-30T22:00:00.000Z,0.27080000,0.27140000,0.26830000,0.26830000,22560886.70000000,2025-05-30T22:59:59.999Z,6086872.90048000,5742,4140601.10000000,1118844.61515000,0
TRXUSDT,2025-05-30T23:00:00.000Z,0.26830000,0.26840000,0.26670000,0.26700000,27848949.00000000,2025-05-30T23:59:59.999Z,7447261.00479000,8568,9295355.20000000,2485781.62474000,0
